original_id,split,variant,path,quality_label,blur,underexposure,overexposure,noise,severe_degradation,visual_defect
0,train,clean,data/processed/images/0000_clean.png,ACCEPTABLE,0,0,0,0,0,0
0,train,blur,data/processed/images/0000_blur.png,DEGRADED,1,0,0,0,0,0
0,train,underexposure,data/processed/images/0000_underexposure.png,DEGRADED,0,1,0,0,0,0
0,train,overexposure,data/processed/images/0000_overexposure.png,DEGRADED,0,0,1,0,0,0
0,train,noise,data/processed/images/0000_noise.png,DEGRADED,0,0,0,1,0,0
0,train,severe,data/processed/images/0000_severe.png,DEGRADED,1,0,0,1,1,0
0,train,defect,data/processed/images/0000_defect.png,POTENTIALLY_DEFECTIVE,0,0,0,0,0,1
1,train,clean,data/processed/images/0001_clean.png,ACCEPTABLE,0,0,0,0,0,0
1,train,blur,data/processed/images/0001_blur.png,DEGRADED,1,0,0,0,0,0
1,train,underexposure,data/processed/images/0001_underexposure.png,DEGRADED,0,1,0,0,0,0
1,train,overexposure,data/processed/images/0001_overexposure.png,DEGRADED,0,0,1,0,0,0
1,train,noise,data/processed/images/0001_noise.png,DEGRADED,0,0,0,1,0,0
1,train,severe,data/processed/images/0001_severe.png,DEGRADED,1,0,0,1,1,0
1,train,defect,data/processed/images/0001_defect.png,POTENTIALLY_DEFECTIVE,0,0,0,0,0,1
2,train,clean,data/processed/images/0002_clean.png,ACCEPTABLE,0,0,0,0,0,0
2,train,blur,data/processed/images/0002_blur.png,DEGRADED,1,0,0,0,0,0
2,train,underexposure,data/processed/images/0002_underexposure.png,DEGRADED,0,1,0,0,0,0
2,train,overexposure,data/processed/images/0002_overexposure.png,DEGRADED,0,0,1,0,0,0
2,train,noise,data/processed/images/0002_noise.png,DEGRADED,0,0,0,1,0,0
2,train,severe,data/processed/images/0002_severe.png,DEGRADED,1,0,0,1,1,0
2,train,defect,data/processed/images/0002_defect.png,POTENTIALLY_DEFECTIVE,0,0,0,0,0,1
3,train,clean,data/processed/images/0003_clean.png,ACCEPTABLE,0,0,0,0,0,0
3,train,blur,data/processed/images/0003_blur.png,DEGRADED,1,0,0,0,0,0
3,train,underexposure,data/processed/images/0003_underexposure.png,DEGRADED,0,1,0,0,0,0
3,train,overexposure,data/processed/images/0003_overexposure.png,DEGRADED,0,0,1,0,0,0
3,train,noise,data/processed/images/0003_noise.png,DEGRADED,0,0,0,1,0,0
3,train,severe,data/processed/images/0003_severe.png,DEGRADED,1,0,0,1,1,0
3,train,defect,data/processed/images/0003_defect.png,POTENTIALLY_DEFECTIVE,0,0,0,0,0,1
4,train,clean,data/processed/images/0004_clean.png,ACCEPTABLE,0,0,0,0,0,0
4,train,blur,data/processed/images/0004_blur.png,DEGRADED,1,0,0,0,0,0
4,train,underexposure,data/processed/images/0004_underexposure.png,DEGRADED,0,1,0,0,0,0
4,train,overexposure,data/processed/images/0004_overexposure.png,DEGRADED,0,0,1,0,0,0
4,train,noise,data/processed/images/0004_noise.png,DEGRADED,0,0,0,1,0,0
4,train,severe,data/processed/images/0004_severe.png,DEGRADED,1,0,0,1,1,0
4,train,defect,data/processed/images/0004_defect.png,POTENTIALLY_DEFECTIVE,0,0,0,0,0,1
5,train,clean,data/processed/images/0005_clean.png,ACCEPTABLE,0,0,0,0,0,0
5,train,blur,data/processed/images/0005_blur.png,DEGRADED,1,0,0,0,0,0
5,train,underexposure,data/processed/images/0005_underexposure.png,DEGRADED,0,1,0,0,0,0
5,train,overexposure,data/processed/images/0005_overexposure.png,DEGRADED,0,0,1,0,0,0
5,train,noise,data/processed/images/0005_noise.png,DEGRADED,0,0,0,1,0,0
5,train,severe,data/processed/images/0005_severe.png,DEGRADED,1,0,0,1,1,0
5,train,defect,data/processed/images/0005_defect.png,POTENTIALLY_DEFECTIVE,0,0,0,0,0,1
6,test,clean,data/processed/images/0006_clean.png,ACCEPTABLE,0,0,0,0,0,0
6,test,blur,data/processed/images/0006_blur.png,DEGRADED,1,0,0,0,0,0
6,test,underexposure,data/processed/images/0006_underexposure.png,DEGRADED,0,1,0,0,0,0
6,test,overexposure,data/processed/images/0006_overexposure.png,DEGRADED,0,0,1,0,0,0
6,test,noise,data/processed/images/0006_noise.png,DEGRADED,0,0,0,1,0,0
6,test,severe,data/processed/images/0006_severe.png,DEGRADED,1,0,0,1,1,0
6,test,defect,data/processed/images/0006_defect.png,POTENTIALLY_DEFECTIVE,0,0,0,0,0,1
7,train,clean,data/processed/images/0007_clean.png,ACCEPTABLE,0,0,0,0,0,0
7,train,blur,data/processed/images/0007_blur.png,DEGRADED,1,0,0,0,0,0
7,train,underexposure,data/processed/images/0007_underexposure.png,DEGRADED,0,1,0,0,0,0
7,train,overexposure,data/processed/images/0007_overexposure.png,DEGRADED,0,0,1,0,0,0
7,train,noise,data/processed/images/0007_noise.png,DEGRADED,0,0,0,1,0,0
7,train,severe,data/processed/images/0007_severe.png,DEGRADED,1,0,0,1,1,0
7,train,defect,data/processed/images/0007_defect.png,POTENTIALLY_DEFECTIVE,0,0,0,0,0,1
8,train,clean,data/processed/images/0008_clean.png,ACCEPTABLE,0,0,0,0,0,0
8,train,blur,data/processed/images/0008_blur.png,DEGRADED,1,0,0,0,0,0
8,train,underexposure,data/processed/images/0008_underexposure.png,DEGRADED,0,1,0,0,0,0
8,train,overexposure,data/processed/images/0008_overexposure.png,DEGRADED,0,0,1,0,0,0
8,train,noise,data/processed/images/0008_noise.png,DEGRADED,0,0,0,1,0,0
8,train,severe,data/processed/images/0008_severe.png,DEGRADED,1,0,0,1,1,0
8,train,defect,data/processed/images/0008_defect.png,POTENTIALLY_DEFECTIVE,0,0,0,0,0,1
9,val,clean,data/processed/images/0009_clean.png,ACCEPTABLE,0,0,0,0,0,0
9,val,blur,data/processed/images/0009_blur.png,DEGRADED,1,0,0,0,0,0
9,val,underexposure,data/processed/images/0009_underexposure.png,DEGRADED,0,1,0,0,0,0
9,val,overexposure,data/processed/images/0009_overexposure.png,DEGRADED,0,0,1,0,0,0
9,val,noise,data/processed/images/0009_noise.png,DEGRADED,0,0,0,1,0,0
9,val,severe,data/processed/images/0009_severe.png,DEGRADED,1,0,0,1,1,0
9,val,defect,data/processed/images/0009_defect.png,POTENTIALLY_DEFECTIVE,0,0,0,0,0,1
10,train,clean,data/processed/images/0010_clean.png,ACCEPTABLE,0,0,0,0,0,0
10,train,blur,data/processed/images/0010_blur.png,DEGRADED,1,0,0,0,0,0
10,train,underexposure,data/processed/images/0010_underexposure.png,DEGRADED,0,1,0,0,0,0
10,train,overexposure,data/processed/images/0010_overexposure.png,DEGRADED,0,0,1,0,0,0
10,train,noise,data/processed/images/0010_noise.png,DEGRADED,0,0,0,1,0,0
10,train,severe,data/processed/images/0010_severe.png,DEGRADED,1,0,0,1,1,0
10,train,defect,data/processed/images/0010_defect.png,POTENTIALLY_DEFECTIVE,0,0,0,0,0,1
11,test,clean,data/processed/images/0011_clean.png,ACCEPTABLE,0,0,0,0,0,0
11,test,blur,data/processed/images/0011_blur.png,DEGRADED,1,0,0,0,0,0
11,test,underexposure,data/processed/images/0011_underexposure.png,DEGRADED,0,1,0,0,0,0
11,test,overexposure,data/processed/images/0011_overexposure.png,DEGRADED,0,0,1,0,0,0
11,test,noise,data/processed/images/0011_noise.png,DEGRADED,0,0,0,1,0,0
11,test,severe,data/processed/images/0011_severe.png,DEGRADED,1,0,0,1,1,0
11,test,defect,data/processed/images/0011_defect.png,POTENTIALLY_DEFECTIVE,0,0,0,0,0,1
12,train,clean,data/processed/images/0012_clean.png,ACCEPTABLE,0,0,0,0,0,0
12,train,blur,data/processed/images/0012_blur.png,DEGRADED,1,0,0,0,0,0
12,train,underexposure,data/processed/images/0012_underexposure.png,DEGRADED,0,1,0,0,0,0
12,train,overexposure,data/processed/images/0012_overexposure.png,DEGRADED,0,0,1,0,0,0
12,train,noise,data/processed/images/0012_noise.png,DEGRADED,0,0,0,1,0,0
12,train,severe,data/processed/images/0012_severe.png,DEGRADED,1,0,0,1,1,0
12,train,defect,data/processed/images/0012_defect.png,POTENTIALLY_DEFECTIVE,0,0,0,0,0,1
13,train,clean,data/processed/images/0013_clean.png,ACCEPTABLE,0,0,0,0,0,0
13,train,blur,data/processed/images/0013_blur.png,DEGRADED,1,0,0,0,0,0
13,train,underexposure,data/processed/images/0013_underexposure.png,DEGRADED,0,1,0,0,0,0
13,train,overexposure,data/processed/images/0013_overexposure.png,DEGRADED,0,0,1,0,0,0
13,train,noise,data/processed/images/0013_noise.png,DEGRADED,0,0,0,1,0,0
13,train,severe,data/processed/images/0013_severe.png,DEGRADED,1,0,0,1,1,0
13,train,defect,data/processed/images/0013_defect.png,POTENTIALLY_DEFECTIVE,0,0,0,0,0,1
14,test,clean,data/processed/images/0014_clean.png,ACCEPTABLE,0,0,0,0,0,0
14,test,blur,data/processed/images/0014_blur.png,DEGRADED,1,0,0,0,0,0
14,test,underexposure,data/processed/images/0014_underexposure.png,DEGRADED,0,1,0,0,0,0
14,test,overexposure,data/processed/images/0014_overexposure.png,DEGRADED,0,0,1,0,0,0
14,test,noise,data/processed/images/0014_noise.png,DEGRADED,0,0,0,1,0,0
14,test,severe,data/processed/images/0014_severe.png,DEGRADED,1,0,0,1,1,0
14,test,defect,data/processed/images/0014_defect.png,POTENTIALLY_DEFECTIVE,0,0,0,0,0,1
15,val,clean,data/processed/images/0015_clean.png,ACCEPTABLE,0,0,0,0,0,0
15,val,blur,data/processed/images/0015_blur.png,DEGRADED,1,0,0,0,0,0
15,val,underexposure,data/processed/images/0015_underexposure.png,DEGRADED,0,1,0,0,0,0
15,val,overexposure,data/processed/images/0015_overexposure.png,DEGRADED,0,0,1,0,0,0
15,val,noise,data/processed/images/0015_noise.png,DEGRADED,0,0,0,1,0,0
15,val,severe,data/processed/images/0015_severe.png,DEGRADED,1,0,0,1,1,0
15,val,defect,data/processed/images/0015_defect.png,POTENTIALLY_DEFECTIVE,0,0,0,0,0,1
16,val,clean,data/processed/images/0016_clean.png,ACCEPTABLE,0,0,0,0,0,0
16,val,blur,data/processed/images/0016_blur.png,DEGRADED,1,0,0,0,0,0
16,val,underexposure,data/processed/images/0016_underexposure.png,DEGRADED,0,1,0,0,0,0
16,val,overexposure,data/processed/images/0016_overexposure.png,DEGRADED,0,0,1,0,0,0
16,val,noise,data/processed/images/0016_noise.png,DEGRADED,0,0,0,1,0,0
16,val,severe,data/processed/images/0016_severe.png,DEGRADED,1,0,0,1,1,0
16,val,defect,data/processed/images/0016_defect.png,POTENTIALLY_DEFECTIVE,0,0,0,0,0,1
17,train,clean,data/processed/images/0017_clean.png,ACCEPTABLE,0,0,0,0,0,0
17,train,blur,data/processed/images/0017_blur.png,DEGRADED,1,0,0,0,0,0
17,train,underexposure,data/processed/images/0017_underexposure.png,DEGRADED,0,1,0,0,0,0
17,train,overexposure,data/processed/images/0017_overexposure.png,DEGRADED,0,0,1,0,0,0
17,train,noise,data/processed/images/0017_noise.png,DEGRADED,0,0,0,1,0,0
17,train,severe,data/processed/images/0017_severe.png,DEGRADED,1,0,0,1,1,0
17,train,defect,data/processed/images/0017_defect.png,POTENTIALLY_DEFECTIVE,0,0,0,0,0,1
18,train,clean,data/processed/images/0018_clean.png,ACCEPTABLE,0,0,0,0,0,0
18,train,blur,data/processed/images/0018_blur.png,DEGRADED,1,0,0,0,0,0
18,train,underexposure,data/processed/images/0018_underexposure.png,DEGRADED,0,1,0,0,0,0
18,train,overexposure,data/processed/images/0018_overexposure.png,DEGRADED,0,0,1,0,0,0
18,train,noise,data/processed/images/0018_noise.png,DEGRADED,0,0,0,1,0,0
18,train,severe,data/processed/images/0018_severe.png,DEGRADED,1,0,0,1,1,0
18,train,defect,data/processed/images/0018_defect.png,POTENTIALLY_DEFECTIVE,0,0,0,0,0,1
19,test,clean,data/processed/images/0019_clean.png,ACCEPTABLE,0,0,0,0,0,0
19,test,blur,data/processed/images/0019_blur.png,DEGRADED,1,0,0,0,0,0
19,test,underexposure,data/processed/images/0019_underexposure.png,DEGRADED,0,1,0,0,0,0
19,test,overexposure,data/processed/images/0019_overexposure.png,DEGRADED,0,0,1,0,0,0
19,test,noise,data/processed/images/0019_noise.png,DEGRADED,0,0,0,1,0,0
19,test,severe,data/processed/images/0019_severe.png,DEGRADED,1,0,0,1,1,0
19,test,defect,data/processed/images/0019_defect.png,POTENTIALLY_DEFECTIVE,0,0,0,0,0,1
20,train,clean,data/processed/images/0020_clean.png,ACCEPTABLE,0,0,0,0,0,0
20,train,blur,data/processed/images/0020_blur.png,DEGRADED,1,0,0,0,0,0
20,train,underexposure,data/processed/images/0020_underexposure.png,DEGRADED,0,1,0,0,0,0
20,train,overexposure,data/processed/images/0020_overexposure.png,DEGRADED,0,0,1,0,0,0
20,train,noise,data/processed/images/0020_noise.png,DEGRADED,0,0,0,1,0,0
20,train,severe,data/processed/images/0020_severe.png,DEGRADED,1,0,0,1,1,0
20,train,defect,data/processed/images/0020_defect.png,POTENTIALLY_DEFECTIVE,0,0,0,0,0,1
21,train,clean,data/processed/images/0021_clean.png,ACCEPTABLE,0,0,0,0,0,0
21,train,blur,data/processed/images/0021_blur.png,DEGRADED,1,0,0,0,0,0
21,train,underexposure,data/processed/images/0021_underexposure.png,DEGRADED,0,1,0,0,0,0
21,train,overexposure,data/processed/images/0021_overexposure.png,DEGRADED,0,0,1,0,0,0
21,train,noise,data/processed/images/0021_noise.png,DEGRADED,0,0,0,1,0,0
21,train,severe,data/processed/images/0021_severe.png,DEGRADED,1,0,0,1,1,0
21,train,defect,data/processed/images/0021_defect.png,POTENTIALLY_DEFECTIVE,0,0,0,0,0,1
22,test,clean,data/processed/images/0022_clean.png,ACCEPTABLE,0,0,0,0,0,0
22,test,blur,data/processed/images/0022_blur.png,DEGRADED,1,0,0,0,0,0
22,test,underexposure,data/processed/images/0022_underexposure.png,DEGRADED,0,1,0,0,0,0
22,test,overexposure,data/processed/images/0022_overexposure.png,DEGRADED,0,0,1,0,0,0
22,test,noise,data/processed/images/0022_noise.png,DEGRADED,0,0,0,1,0,0
22,test,severe,data/processed/images/0022_severe.png,DEGRADED,1,0,0,1,1,0
22,test,defect,data/processed/images/0022_defect.png,POTENTIALLY_DEFECTIVE,0,0,0,0,0,1
23,val,clean,data/processed/images/0023_clean.png,ACCEPTABLE,0,0,0,0,0,0
23,val,blur,data/processed/images/0023_blur.png,DEGRADED,1,0,0,0,0,0
23,val,underexposure,data/processed/images/0023_underexposure.png,DEGRADED,0,1,0,0,0,0
23,val,overexposure,data/processed/images/0023_overexposure.png,DEGRADED,0,0,1,0,0,0
23,val,noise,data/processed/images/0023_noise.png,DEGRADED,0,0,0,1,0,0
23,val,severe,data/processed/images/0023_severe.png,DEGRADED,1,0,0,1,1,0
23,val,defect,data/processed/images/0023_defect.png,POTENTIALLY_DEFECTIVE,0,0,0,0,0,1
24,train,clean,data/processed/images/0024_clean.png,ACCEPTABLE,0,0,0,0,0,0
24,train,blur,data/processed/images/0024_blur.png,DEGRADED,1,0,0,0,0,0
24,train,underexposure,data/processed/images/0024_underexposure.png,DEGRADED,0,1,0,0,0,0
24,train,overexposure,data/processed/images/0024_overexposure.png,DEGRADED,0,0,1,0,0,0
24,train,noise,data/processed/images/0024_noise.png,DEGRADED,0,0,0,1,0,0
24,train,severe,data/processed/images/0024_severe.png,DEGRADED,1,0,0,1,1,0
24,train,defect,data/processed/images/0024_defect.png,POTENTIALLY_DEFECTIVE,0,0,0,0,0,1
25,train,clean,data/processed/images/0025_clean.png,ACCEPTABLE,0,0,0,0,0,0
25,train,blur,data/processed/images/0025_blur.png,DEGRADED,1,0,0,0,0,0
25,train,underexposure,data/processed/images/0025_underexposure.png,DEGRADED,0,1,0,0,0,0
25,train,overexposure,data/processed/images/0025_overexposure.png,DEGRADED,0,0,1,0,0,0
25,train,noise,data/processed/images/0025_noise.png,DEGRADED,0,0,0,1,0,0
25,train,severe,data/processed/images/0025_severe.png,DEGRADED,1,0,0,1,1,0
25,train,defect,data/processed/images/0025_defect.png,POTENTIALLY_DEFECTIVE,0,0,0,0,0,1
26,train,clean,data/processed/images/0026_clean.png,ACCEPTABLE,0,0,0,0,0,0
26,train,blur,data/processed/images/0026_blur.png,DEGRADED,1,0,0,0,0,0
26,train,underexposure,data/processed/images/0026_underexposure.png,DEGRADED,0,1,0,0,0,0
26,train,overexposure,data/processed/images/0026_overexposure.png,DEGRADED,0,0,1,0,0,0
26,train,noise,data/processed/images/0026_noise.png,DEGRADED,0,0,0,1,0,0
26,train,severe,data/processed/images/0026_severe.png,DEGRADED,1,0,0,1,1,0
26,train,defect,data/processed/images/0026_defect.png,POTENTIALLY_DEFECTIVE,0,0,0,0,0,1
27,train,clean,data/processed/images/0027_clean.png,ACCEPTABLE,0,0,0,0,0,0
27,train,blur,data/processed/images/0027_blur.png,DEGRADED,1,0,0,0,0,0
27,train,underexposure,data/processed/images/0027_underexposure.png,DEGRADED,0,1,0,0,0,0
27,train,overexposure,data/processed/images/0027_overexposure.png,DEGRADED,0,0,1,0,0,0
27,train,noise,data/processed/images/0027_noise.png,DEGRADED,0,0,0,1,0,0
27,train,severe,data/processed/images/0027_severe.png,DEGRADED,1,0,0,1,1,0
27,train,defect,data/processed/images/0027_defect.png,POTENTIALLY_DEFECTIVE,0,0,0,0,0,1
28,train,clean,data/processed/images/0028_clean.png,ACCEPTABLE,0,0,0,0,0,0
28,train,blur,data/processed/images/0028_blur.png,DEGRADED,1,0,0,0,0,0
28,train,underexposure,data/processed/images/0028_underexposure.png,DEGRADED,0,1,0,0,0,0
28,train,overexposure,data/processed/images/0028_overexposure.png,DEGRADED,0,0,1,0,0,0
28,train,noise,data/processed/images/0028_noise.png,DEGRADED,0,0,0,1,0,0
28,train,severe,data/processed/images/0028_severe.png,DEGRADED,1,0,0,1,1,0
28,train,defect,data/processed/images/0028_defect.png,POTENTIALLY_DEFECTIVE,0,0,0,0,0,1
29,train,clean,data/processed/images/0029_clean.png,ACCEPTABLE,0,0,0,0,0,0
29,train,blur,data/processed/images/0029_blur.png,DEGRADED,1,0,0,0,0,0
29,train,underexposure,data/processed/images/0029_underexposure.png,DEGRADED,0,1,0,0,0,0
29,train,overexposure,data/processed/images/0029_overexposure.png,DEGRADED,0,0,1,0,0,0
29,train,noise,data/processed/images/0029_noise.png,DEGRADED,0,0,0,1,0,0
29,train,severe,data/processed/images/0029_severe.png,DEGRADED,1,0,0,1,1,0
29,train,defect,data/processed/images/0029_defect.png,POTENTIALLY_DEFECTIVE,0,0,0,0,0,1
30,val,clean,data/processed/images/0030_clean.png,ACCEPTABLE,0,0,0,0,0,0
30,val,blur,data/processed/images/0030_blur.png,DEGRADED,1,0,0,0,0,0
30,val,underexposure,data/processed/images/0030_underexposure.png,DEGRADED,0,1,0,0,0,0
30,val,overexposure,data/processed/images/0030_overexposure.png,DEGRADED,0,0,1,0,0,0
30,val,noise,data/processed/images/0030_noise.png,DEGRADED,0,0,0,1,0,0
30,val,severe,data/processed/images/0030_severe.png,DEGRADED,1,0,0,1,1,0
30,val,defect,data/processed/images/0030_defect.png,POTENTIALLY_DEFECTIVE,0,0,0,0,0,1
31,val,clean,data/processed/images/0031_clean.png,ACCEPTABLE,0,0,0,0,0,0
31,val,blur,data/processed/images/0031_blur.png,DEGRADED,1,0,0,0,0,0
31,val,underexposure,data/processed/images/0031_underexposure.png,DEGRADED,0,1,0,0,0,0
31,val,overexposure,data/processed/images/0031_overexposure.png,DEGRADED,0,0,1,0,0,0
31,val,noise,data/processed/images/0031_noise.png,DEGRADED,0,0,0,1,0,0
31,val,severe,data/processed/images/0031_severe.png,DEGRADED,1,0,0,1,1,0
31,val,defect,data/processed/images/0031_defect.png,POTENTIALLY_DEFECTIVE,0,0,0,0,0,1
32,train,clean,data/processed/images/0032_clean.png,ACCEPTABLE,0,0,0,0,0,0
32,train,blur,data/processed/images/0032_blur.png,DEGRADED,1,0,0,0,0,0
32,train,underexposure,data/processed/images/0032_underexposure.png,DEGRADED,0,1,0,0,0,0
32,train,overexposure,data/processed/images/0032_overexposure.png,DEGRADED,0,0,1,0,0,0
32,train,noise,data/processed/images/0032_noise.png,DEGRADED,0,0,0,1,0,0
32,train,severe,data/processed/images/0032_severe.png,DEGRADED,1,0,0,1,1,0
32,train,defect,data/processed/images/0032_defect.png,POTENTIALLY_DEFECTIVE,0,0,0,0,0,1
33,train,clean,data/processed/images/0033_clean.png,ACCEPTABLE,0,0,0,0,0,0
33,train,blur,data/processed/images/0033_blur.png,DEGRADED,1,0,0,0,0,0
33,train,underexposure,data/processed/images/0033_underexposure.png,DEGRADED,0,1,0,0,0,0
33,train,overexposure,data/processed/images/0033_overexposure.png,DEGRADED,0,0,1,0,0,0
33,train,noise,data/processed/images/0033_noise.png,DEGRADED,0,0,0,1,0,0
33,train,severe,data/processed/images/0033_severe.png,DEGRADED,1,0,0,1,1,0
33,train,defect,data/processed/images/0033_defect.png,POTENTIALLY_DEFECTIVE,0,0,0,0,0,1
34,val,clean,data/processed/images/0034_clean.png,ACCEPTABLE,0,0,0,0,0,0
34,val,blur,data/processed/images/0034_blur.png,DEGRADED,1,0,0,0,0,0
34,val,underexposure,data/processed/images/0034_underexposure.png,DEGRADED,0,1,0,0,0,0
34,val,overexposure,data/processed/images/0034_overexposure.png,DEGRADED,0,0,1,0,0,0
34,val,noise,data/processed/images/0034_noise.png,DEGRADED,0,0,0,1,0,0
34,val,severe,data/processed/images/0034_severe.png,DEGRADED,1,0,0,1,1,0
34,val,defect,data/processed/images/0034_defect.png,POTENTIALLY_DEFECTIVE,0,0,0,0,0,1
35,test,clean,data/processed/images/0035_clean.png,ACCEPTABLE,0,0,0,0,0,0
35,test,blur,data/processed/images/0035_blur.png,DEGRADED,1,0,0,0,0,0
35,test,underexposure,data/processed/images/0035_underexposure.png,DEGRADED,0,1,0,0,0,0
35,test,overexposure,data/processed/images/0035_overexposure.png,DEGRADED,0,0,1,0,0,0
35,test,noise,data/processed/images/0035_noise.png,DEGRADED,0,0,0,1,0,0
35,test,severe,data/processed/images/0035_severe.png,DEGRADED,1,0,0,1,1,0
35,test,defect,data/processed/images/0035_defect.png,POTENTIALLY_DEFECTIVE,0,0,0,0,0,1
36,test,clean,data/processed/images/0036_clean.png,ACCEPTABLE,0,0,0,0,0,0
36,test,blur,data/processed/images/0036_blur.png,DEGRADED,1,0,0,0,0,0
36,test,underexposure,data/processed/images/0036_underexposure.png,DEGRADED,0,1,0,0,0,0
36,test,overexposure,data/processed/images/0036_overexposure.png,DEGRADED,0,0,1,0,0,0
36,test,noise,data/processed/images/0036_noise.png,DEGRADED,0,0,0,1,0,0
36,test,severe,data/processed/images/0036_severe.png,DEGRADED,1,0,0,1,1,0
36,test,defect,data/processed/images/0036_defect.png,POTENTIALLY_DEFECTIVE,0,0,0,0,0,1
37,train,clean,data/processed/images/0037_clean.png,ACCEPTABLE,0,0,0,0,0,0
37,train,blur,data/processed/images/0037_blur.png,DEGRADED,1,0,0,0,0,0
37,train,underexposure,data/processed/images/0037_underexposure.png,DEGRADED,0,1,0,0,0,0
37,train,overexposure,data/processed/images/0037_overexposure.png,DEGRADED,0,0,1,0,0,0
37,train,noise,data/processed/images/0037_noise.png,DEGRADED,0,0,0,1,0,0
37,train,severe,data/processed/images/0037_severe.png,DEGRADED,1,0,0,1,1,0
37,train,defect,data/processed/images/0037_defect.png,POTENTIALLY_DEFECTIVE,0,0,0,0,0,1
38,train,clean,data/processed/images/0038_clean.png,ACCEPTABLE,0,0,0,0,0,0
38,train,blur,data/processed/images/0038_blur.png,DEGRADED,1,0,0,0,0,0
38,train,underexposure,data/processed/images/0038_underexposure.png,DEGRADED,0,1,0,0,0,0
38,train,overexposure,data/processed/images/0038_overexposure.png,DEGRADED,0,0,1,0,0,0
38,train,noise,data/processed/images/0038_noise.png,DEGRADED,0,0,0,1,0,0
38,train,severe,data/processed/images/0038_severe.png,DEGRADED,1,0,0,1,1,0
38,train,defect,data/processed/images/0038_defect.png,POTENTIALLY_DEFECTIVE,0,0,0,0,0,1
39,train,clean,data/processed/images/0039_clean.png,ACCEPTABLE,0,0,0,0,0,0
39,train,blur,data/processed/images/0039_blur.png,DEGRADED,1,0,0,0,0,0
39,train,underexposure,data/processed/images/0039_underexposure.png,DEGRADED,0,1,0,0,0,0
39,train,overexposure,data/processed/images/0039_overexposure.png,DEGRADED,0,0,1,0,0,0
39,train,noise,data/processed/images/0039_noise.png,DEGRADED,0,0,0,1,0,0
39,train,severe,data/processed/images/0039_severe.png,DEGRADED,1,0,0,1,1,0
39,train,defect,data/processed/images/0039_defect.png,POTENTIALLY_DEFECTIVE,0,0,0,0,0,1
40,train,clean,data/processed/images/0040_clean.png,ACCEPTABLE,0,0,0,0,0,0
40,train,blur,data/processed/images/0040_blur.png,DEGRADED,1,0,0,0,0,0
40,train,underexposure,data/processed/images/0040_underexposure.png,DEGRADED,0,1,0,0,0,0
40,train,overexposure,data/processed/images/0040_overexposure.png,DEGRADED,0,0,1,0,0,0
40,train,noise,data/processed/images/0040_noise.png,DEGRADED,0,0,0,1,0,0
40,train,severe,data/processed/images/0040_severe.png,DEGRADED,1,0,0,1,1,0
40,train,defect,data/processed/images/0040_defect.png,POTENTIALLY_DEFECTIVE,0,0,0,0,0,1
41,test,clean,data/processed/images/0041_clean.png,ACCEPTABLE,0,0,0,0,0,0
41,test,blur,data/processed/images/0041_blur.png,DEGRADED,1,0,0,0,0,0
41,test,underexposure,data/processed/images/0041_underexposure.png,DEGRADED,0,1,0,0,0,0
41,test,overexposure,data/processed/images/0041_overexposure.png,DEGRADED,0,0,1,0,0,0
41,test,noise,data/processed/images/0041_noise.png,DEGRADED,0,0,0,1,0,0
41,test,severe,data/processed/images/0041_severe.png,DEGRADED,1,0,0,1,1,0
41,test,defect,data/processed/images/0041_defect.png,POTENTIALLY_DEFECTIVE,0,0,0,0,0,1
42,train,clean,data/processed/images/0042_clean.png,ACCEPTABLE,0,0,0,0,0,0
42,train,blur,data/processed/images/0042_blur.png,DEGRADED,1,0,0,0,0,0
42,train,underexposure,data/processed/images/0042_underexposure.png,DEGRADED,0,1,0,0,0,0
42,train,overexposure,data/processed/images/0042_overexposure.png,DEGRADED,0,0,1,0,0,0
42,train,noise,data/processed/images/0042_noise.png,DEGRADED,0,0,0,1,0,0
42,train,severe,data/processed/images/0042_severe.png,DEGRADED,1,0,0,1,1,0
42,train,defect,data/processed/images/0042_defect.png,POTENTIALLY_DEFECTIVE,0,0,0,0,0,1
43,train,clean,data/processed/images/0043_clean.png,ACCEPTABLE,0,0,0,0,0,0
43,train,blur,data/processed/images/0043_blur.png,DEGRADED,1,0,0,0,0,0
43,train,underexposure,data/processed/images/0043_underexposure.png,DEGRADED,0,1,0,0,0,0
43,train,overexposure,data/processed/images/0043_overexposure.png,DEGRADED,0,0,1,0,0,0
43,train,noise,data/processed/images/0043_noise.png,DEGRADED,0,0,0,1,0,0
43,train,severe,data/processed/images/0043_severe.png,DEGRADED,1,0,0,1,1,0
43,train,defect,data/processed/images/0043_defect.png,POTENTIALLY_DEFECTIVE,0,0,0,0,0,1
44,val,clean,data/processed/images/0044_clean.png,ACCEPTABLE,0,0,0,0,0,0
44,val,blur,data/processed/images/0044_blur.png,DEGRADED,1,0,0,0,0,0
44,val,underexposure,data/processed/images/0044_underexposure.png,DEGRADED,0,1,0,0,0,0
44,val,overexposure,data/processed/images/0044_overexposure.png,DEGRADED,0,0,1,0,0,0
44,val,noise,data/processed/images/0044_noise.png,DEGRADED,0,0,0,1,0,0
44,val,severe,data/processed/images/0044_severe.png,DEGRADED,1,0,0,1,1,0
44,val,defect,data/processed/images/0044_defect.png,POTENTIALLY_DEFECTIVE,0,0,0,0,0,1
45,train,clean,data/processed/images/0045_clean.png,ACCEPTABLE,0,0,0,0,0,0
45,train,blur,data/processed/images/0045_blur.png,DEGRADED,1,0,0,0,0,0
45,train,underexposure,data/processed/images/0045_underexposure.png,DEGRADED,0,1,0,0,0,0
45,train,overexposure,data/processed/images/0045_overexposure.png,DEGRADED,0,0,1,0,0,0
45,train,noise,data/processed/images/0045_noise.png,DEGRADED,0,0,0,1,0,0
45,train,severe,data/processed/images/0045_severe.png,DEGRADED,1,0,0,1,1,0
45,train,defect,data/processed/images/0045_defect.png,POTENTIALLY_DEFECTIVE,0,0,0,0,0,1
46,train,clean,data/processed/images/0046_clean.png,ACCEPTABLE,0,0,0,0,0,0
46,train,blur,data/processed/images/0046_blur.png,DEGRADED,1,0,0,0,0,0
46,train,underexposure,data/processed/images/0046_underexposure.png,DEGRADED,0,1,0,0,0,0
46,train,overexposure,data/processed/images/0046_overexposure.png,DEGRADED,0,0,1,0,0,0
46,train,noise,data/processed/images/0046_noise.png,DEGRADED,0,0,0,1,0,0
46,train,severe,data/processed/images/0046_severe.png,DEGRADED,1,0,0,1,1,0
46,train,defect,data/processed/images/0046_defect.png,POTENTIALLY_DEFECTIVE,0,0,0,0,0,1
47,test,clean,data/processed/images/0047_clean.png,ACCEPTABLE,0,0,0,0,0,0
47,test,blur,data/processed/images/0047_blur.png,DEGRADED,1,0,0,0,0,0
47,test,underexposure,data/processed/images/0047_underexposure.png,DEGRADED,0,1,0,0,0,0
47,test,overexposure,data/processed/images/0047_overexposure.png,DEGRADED,0,0,1,0,0,0
47,test,noise,data/processed/images/0047_noise.png,DEGRADED,0,0,0,1,0,0
47,test,severe,data/processed/images/0047_severe.png,DEGRADED,1,0,0,1,1,0
47,test,defect,data/processed/images/0047_defect.png,POTENTIALLY_DEFECTIVE,0,0,0,0,0,1
48,val,clean,data/processed/images/0048_clean.png,ACCEPTABLE,0,0,0,0,0,0
48,val,blur,data/processed/images/0048_blur.png,DEGRADED,1,0,0,0,0,0
48,val,underexposure,data/processed/images/0048_underexposure.png,DEGRADED,0,1,0,0,0,0
48,val,overexposure,data/processed/images/0048_overexposure.png,DEGRADED,0,0,1,0,0,0
48,val,noise,data/processed/images/0048_noise.png,DEGRADED,0,0,0,1,0,0
48,val,severe,data/processed/images/0048_severe.png,DEGRADED,1,0,0,1,1,0
48,val,defect,data/processed/images/0048_defect.png,POTENTIALLY_DEFECTIVE,0,0,0,0,0,1
49,test,clean,data/processed/images/0049_clean.png,ACCEPTABLE,0,0,0,0,0,0
49,test,blur,data/processed/images/0049_blur.png,DEGRADED,1,0,0,0,0,0
49,test,underexposure,data/processed/images/0049_underexposure.png,DEGRADED,0,1,0,0,0,0
49,test,overexposure,data/processed/images/0049_overexposure.png,DEGRADED,0,0,1,0,0,0
49,test,noise,data/processed/images/0049_noise.png,DEGRADED,0,0,0,1,0,0
49,test,severe,data/processed/images/0049_severe.png,DEGRADED,1,0,0,1,1,0
49,test,defect,data/processed/images/0049_defect.png,POTENTIALLY_DEFECTIVE,0,0,0,0,0,1
50,train,clean,data/processed/images/0050_clean.png,ACCEPTABLE,0,0,0,0,0,0
50,train,blur,data/processed/images/0050_blur.png,DEGRADED,1,0,0,0,0,0
50,train,underexposure,data/processed/images/0050_underexposure.png,DEGRADED,0,1,0,0,0,0
50,train,overexposure,data/processed/images/0050_overexposure.png,DEGRADED,0,0,1,0,0,0
50,train,noise,data/processed/images/0050_noise.png,DEGRADED,0,0,0,1,0,0
50,train,severe,data/processed/images/0050_severe.png,DEGRADED,1,0,0,1,1,0
50,train,defect,data/processed/images/0050_defect.png,POTENTIALLY_DEFECTIVE,0,0,0,0,0,1
51,train,clean,data/processed/images/0051_clean.png,ACCEPTABLE,0,0,0,0,0,0
51,train,blur,data/processed/images/0051_blur.png,DEGRADED,1,0,0,0,0,0
51,train,underexposure,data/processed/images/0051_underexposure.png,DEGRADED,0,1,0,0,0,0
51,train,overexposure,data/processed/images/0051_overexposure.png,DEGRADED,0,0,1,0,0,0
51,train,noise,data/processed/images/0051_noise.png,DEGRADED,0,0,0,1,0,0
51,train,severe,data/processed/images/0051_severe.png,DEGRADED,1,0,0,1,1,0
51,train,defect,data/processed/images/0051_defect.png,POTENTIALLY_DEFECTIVE,0,0,0,0,0,1
52,train,clean,data/processed/images/0052_clean.png,ACCEPTABLE,0,0,0,0,0,0
52,train,blur,data/processed/images/0052_blur.png,DEGRADED,1,0,0,0,0,0
52,train,underexposure,data/processed/images/0052_underexposure.png,DEGRADED,0,1,0,0,0,0
52,train,overexposure,data/processed/images/0052_overexposure.png,DEGRADED,0,0,1,0,0,0
52,train,noise,data/processed/images/0052_noise.png,DEGRADED,0,0,0,1,0,0
52,train,severe,data/processed/images/0052_severe.png,DEGRADED,1,0,0,1,1,0
52,train,defect,data/processed/images/0052_defect.png,POTENTIALLY_DEFECTIVE,0,0,0,0,0,1
53,train,clean,data/processed/images/0053_clean.png,ACCEPTABLE,0,0,0,0,0,0
53,train,blur,data/processed/images/0053_blur.png,DEGRADED,1,0,0,0,0,0
53,train,underexposure,data/processed/images/0053_underexposure.png,DEGRADED,0,1,0,0,0,0
53,train,overexposure,data/processed/images/0053_overexposure.png,DEGRADED,0,0,1,0,0,0
53,train,noise,data/processed/images/0053_noise.png,DEGRADED,0,0,0,1,0,0
53,train,severe,data/processed/images/0053_severe.png,DEGRADED,1,0,0,1,1,0
53,train,defect,data/processed/images/0053_defect.png,POTENTIALLY_DEFECTIVE,0,0,0,0,0,1
54,test,clean,data/processed/images/0054_clean.png,ACCEPTABLE,0,0,0,0,0,0
54,test,blur,data/processed/images/0054_blur.png,DEGRADED,1,0,0,0,0,0
54,test,underexposure,data/processed/images/0054_underexposure.png,DEGRADED,0,1,0,0,0,0
54,test,overexposure,data/processed/images/0054_overexposure.png,DEGRADED,0,0,1,0,0,0
54,test,noise,data/processed/images/0054_noise.png,DEGRADED,0,0,0,1,0,0
54,test,severe,data/processed/images/0054_severe.png,DEGRADED,1,0,0,1,1,0
54,test,defect,data/processed/images/0054_defect.png,POTENTIALLY_DEFECTIVE,0,0,0,0,0,1
55,train,clean,data/processed/images/0055_clean.png,ACCEPTABLE,0,0,0,0,0,0
55,train,blur,data/processed/images/0055_blur.png,DEGRADED,1,0,0,0,0,0
55,train,underexposure,data/processed/images/0055_underexposure.png,DEGRADED,0,1,0,0,0,0
55,train,overexposure,data/processed/images/0055_overexposure.png,DEGRADED,0,0,1,0,0,0
55,train,noise,data/processed/images/0055_noise.png,DEGRADED,0,0,0,1,0,0
55,train,severe,data/processed/images/0055_severe.png,DEGRADED,1,0,0,1,1,0
55,train,defect,data/processed/images/0055_defect.png,POTENTIALLY_DEFECTIVE,0,0,0,0,0,1
56,train,clean,data/processed/images/0056_clean.png,ACCEPTABLE,0,0,0,0,0,0
56,train,blur,data/processed/images/0056_blur.png,DEGRADED,1,0,0,0,0,0
56,train,underexposure,data/processed/images/0056_underexposure.png,DEGRADED,0,1,0,0,0,0
56,train,overexposure,data/processed/images/0056_overexposure.png,DEGRADED,0,0,1,0,0,0
56,train,noise,data/processed/images/0056_noise.png,DEGRADED,0,0,0,1,0,0
56,train,severe,data/processed/images/0056_severe.png,DEGRADED,1,0,0,1,1,0
56,train,defect,data/processed/images/0056_defect.png,POTENTIALLY_DEFECTIVE,0,0,0,0,0,1
57,val,clean,data/processed/images/0057_clean.png,ACCEPTABLE,0,0,0,0,0,0
57,val,blur,data/processed/images/0057_blur.png,DEGRADED,1,0,0,0,0,0
57,val,underexposure,data/processed/images/0057_underexposure.png,DEGRADED,0,1,0,0,0,0
57,val,overexposure,data/processed/images/0057_overexposure.png,DEGRADED,0,0,1,0,0,0
57,val,noise,data/processed/images/0057_noise.png,DEGRADED,0,0,0,1,0,0
57,val,severe,data/processed/images/0057_severe.png,DEGRADED,1,0,0,1,1,0
57,val,defect,data/processed/images/0057_defect.png,POTENTIALLY_DEFECTIVE,0,0,0,0,0,1
58,val,clean,data/processed/images/0058_clean.png,ACCEPTABLE,0,0,0,0,0,0
58,val,blur,data/processed/images/0058_blur.png,DEGRADED,1,0,0,0,0,0
58,val,underexposure,data/processed/images/0058_underexposure.png,DEGRADED,0,1,0,0,0,0
58,val,overexposure,data/processed/images/0058_overexposure.png,DEGRADED,0,0,1,0,0,0
58,val,noise,data/processed/images/0058_noise.png,DEGRADED,0,0,0,1,0,0
58,val,severe,data/processed/images/0058_severe.png,DEGRADED,1,0,0,1,1,0
58,val,defect,data/processed/images/0058_defect.png,POTENTIALLY_DEFECTIVE,0,0,0,0,0,1
59,train,clean,data/processed/images/0059_clean.png,ACCEPTABLE,0,0,0,0,0,0
59,train,blur,data/processed/images/0059_blur.png,DEGRADED,1,0,0,0,0,0
59,train,underexposure,data/processed/images/0059_underexposure.png,DEGRADED,0,1,0,0,0,0
59,train,overexposure,data/processed/images/0059_overexposure.png,DEGRADED,0,0,1,0,0,0
59,train,noise,data/processed/images/0059_noise.png,DEGRADED,0,0,0,1,0,0
59,train,severe,data/processed/images/0059_severe.png,DEGRADED,1,0,0,1,1,0
59,train,defect,data/processed/images/0059_defect.png,POTENTIALLY_DEFECTIVE,0,0,0,0,0,1
60,val,clean,data/processed/images/0060_clean.png,ACCEPTABLE,0,0,0,0,0,0
60,val,blur,data/processed/images/0060_blur.png,DEGRADED,1,0,0,0,0,0
60,val,underexposure,data/processed/images/0060_underexposure.png,DEGRADED,0,1,0,0,0,0
60,val,overexposure,data/processed/images/0060_overexposure.png,DEGRADED,0,0,1,0,0,0
60,val,noise,data/processed/images/0060_noise.png,DEGRADED,0,0,0,1,0,0
60,val,severe,data/processed/images/0060_severe.png,DEGRADED,1,0,0,1,1,0
60,val,defect,data/processed/images/0060_defect.png,POTENTIALLY_DEFECTIVE,0,0,0,0,0,1
61,train,clean,data/processed/images/0061_clean.png,ACCEPTABLE,0,0,0,0,0,0
61,train,blur,data/processed/images/0061_blur.png,DEGRADED,1,0,0,0,0,0
61,train,underexposure,data/processed/images/0061_underexposure.png,DEGRADED,0,1,0,0,0,0
61,train,overexposure,data/processed/images/0061_overexposure.png,DEGRADED,0,0,1,0,0,0
61,train,noise,data/processed/images/0061_noise.png,DEGRADED,0,0,0,1,0,0
61,train,severe,data/processed/images/0061_severe.png,DEGRADED,1,0,0,1,1,0
61,train,defect,data/processed/images/0061_defect.png,POTENTIALLY_DEFECTIVE,0,0,0,0,0,1
62,val,clean,data/processed/images/0062_clean.png,ACCEPTABLE,0,0,0,0,0,0
62,val,blur,data/processed/images/0062_blur.png,DEGRADED,1,0,0,0,0,0
62,val,underexposure,data/processed/images/0062_underexposure.png,DEGRADED,0,1,0,0,0,0
62,val,overexposure,data/processed/images/0062_overexposure.png,DEGRADED,0,0,1,0,0,0
62,val,noise,data/processed/images/0062_noise.png,DEGRADED,0,0,0,1,0,0
62,val,severe,data/processed/images/0062_severe.png,DEGRADED,1,0,0,1,1,0
62,val,defect,data/processed/images/0062_defect.png,POTENTIALLY_DEFECTIVE,0,0,0,0,0,1
63,train,clean,data/processed/images/0063_clean.png,ACCEPTABLE,0,0,0,0,0,0
63,train,blur,data/processed/images/0063_blur.png,DEGRADED,1,0,0,0,0,0
63,train,underexposure,data/processed/images/0063_underexposure.png,DEGRADED,0,1,0,0,0,0
63,train,overexposure,data/processed/images/0063_overexposure.png,DEGRADED,0,0,1,0,0,0
63,train,noise,data/processed/images/0063_noise.png,DEGRADED,0,0,0,1,0,0
63,train,severe,data/processed/images/0063_severe.png,DEGRADED,1,0,0,1,1,0
63,train,defect,data/processed/images/0063_defect.png,POTENTIALLY_DEFECTIVE,0,0,0,0,0,1
64,test,clean,data/processed/images/0064_clean.png,ACCEPTABLE,0,0,0,0,0,0
64,test,blur,data/processed/images/0064_blur.png,DEGRADED,1,0,0,0,0,0
64,test,underexposure,data/processed/images/0064_underexposure.png,DEGRADED,0,1,0,0,0,0
64,test,overexposure,data/processed/images/0064_overexposure.png,DEGRADED,0,0,1,0,0,0
64,test,noise,data/processed/images/0064_noise.png,DEGRADED,0,0,0,1,0,0
64,test,severe,data/processed/images/0064_severe.png,DEGRADED,1,0,0,1,1,0
64,test,defect,data/processed/images/0064_defect.png,POTENTIALLY_DEFECTIVE,0,0,0,0,0,1
65,train,clean,data/processed/images/0065_clean.png,ACCEPTABLE,0,0,0,0,0,0
65,train,blur,data/processed/images/0065_blur.png,DEGRADED,1,0,0,0,0,0
65,train,underexposure,data/processed/images/0065_underexposure.png,DEGRADED,0,1,0,0,0,0
65,train,overexposure,data/processed/images/0065_overexposure.png,DEGRADED,0,0,1,0,0,0
65,train,noise,data/processed/images/0065_noise.png,DEGRADED,0,0,0,1,0,0
65,train,severe,data/processed/images/0065_severe.png,DEGRADED,1,0,0,1,1,0
65,train,defect,data/processed/images/0065_defect.png,POTENTIALLY_DEFECTIVE,0,0,0,0,0,1
66,train,clean,data/processed/images/0066_clean.png,ACCEPTABLE,0,0,0,0,0,0
66,train,blur,data/processed/images/0066_blur.png,DEGRADED,1,0,0,0,0,0
66,train,underexposure,data/processed/images/0066_underexposure.png,DEGRADED,0,1,0,0,0,0
66,train,overexposure,data/processed/images/0066_overexposure.png,DEGRADED,0,0,1,0,0,0
66,train,noise,data/processed/images/0066_noise.png,DEGRADED,0,0,0,1,0,0
66,train,severe,data/processed/images/0066_severe.png,DEGRADED,1,0,0,1,1,0
66,train,defect,data/processed/images/0066_defect.png,POTENTIALLY_DEFECTIVE,0,0,0,0,0,1
67,val,clean,data/processed/images/0067_clean.png,ACCEPTABLE,0,0,0,0,0,0
67,val,blur,data/processed/images/0067_blur.png,DEGRADED,1,0,0,0,0,0
67,val,underexposure,data/processed/images/0067_underexposure.png,DEGRADED,0,1,0,0,0,0
67,val,overexposure,data/processed/images/0067_overexposure.png,DEGRADED,0,0,1,0,0,0
67,val,noise,data/processed/images/0067_noise.png,DEGRADED,0,0,0,1,0,0
67,val,severe,data/processed/images/0067_severe.png,DEGRADED,1,0,0,1,1,0
67,val,defect,data/processed/images/0067_defect.png,POTENTIALLY_DEFECTIVE,0,0,0,0,0,1
68,train,clean,data/processed/images/0068_clean.png,ACCEPTABLE,0,0,0,0,0,0
68,train,blur,data/processed/images/0068_blur.png,DEGRADED,1,0,0,0,0,0
68,train,underexposure,data/processed/images/0068_underexposure.png,DEGRADED,0,1,0,0,0,0
68,train,overexposure,data/processed/images/0068_overexposure.png,DEGRADED,0,0,1,0,0,0
68,train,noise,data/processed/images/0068_noise.png,DEGRADED,0,0,0,1,0,0
68,train,severe,data/processed/images/0068_severe.png,DEGRADED,1,0,0,1,1,0
68,train,defect,data/processed/images/0068_defect.png,POTENTIALLY_DEFECTIVE,0,0,0,0,0,1
69,train,clean,data/processed/images/0069_clean.png,ACCEPTABLE,0,0,0,0,0,0
69,train,blur,data/processed/images/0069_blur.png,DEGRADED,1,0,0,0,0,0
69,train,underexposure,data/processed/images/0069_underexposure.png,DEGRADED,0,1,0,0,0,0
69,train,overexposure,data/processed/images/0069_overexposure.png,DEGRADED,0,0,1,0,0,0
69,train,noise,data/processed/images/0069_noise.png,DEGRADED,0,0,0,1,0,0
69,train,severe,data/processed/images/0069_severe.png,DEGRADED,1,0,0,1,1,0
69,train,defect,data/processed/images/0069_defect.png,POTENTIALLY_DEFECTIVE,0,0,0,0,0,1
70,train,clean,data/processed/images/0070_clean.png,ACCEPTABLE,0,0,0,0,0,0
70,train,blur,data/processed/images/0070_blur.png,DEGRADED,1,0,0,0,0,0
70,train,underexposure,data/processed/images/0070_underexposure.png,DEGRADED,0,1,0,0,0,0
70,train,overexposure,data/processed/images/0070_overexposure.png,DEGRADED,0,0,1,0,0,0
70,train,noise,data/processed/images/0070_noise.png,DEGRADED,0,0,0,1,0,0
70,train,severe,data/processed/images/0070_severe.png,DEGRADED,1,0,0,1,1,0
70,train,defect,data/processed/images/0070_defect.png,POTENTIALLY_DEFECTIVE,0,0,0,0,0,1
71,train,clean,data/processed/images/0071_clean.png,ACCEPTABLE,0,0,0,0,0,0
71,train,blur,data/processed/images/0071_blur.png,DEGRADED,1,0,0,0,0,0
71,train,underexposure,data/processed/images/0071_underexposure.png,DEGRADED,0,1,0,0,0,0
71,train,overexposure,data/processed/images/0071_overexposure.png,DEGRADED,0,0,1,0,0,0
71,train,noise,data/processed/images/0071_noise.png,DEGRADED,0,0,0,1,0,0
71,train,severe,data/processed/images/0071_severe.png,DEGRADED,1,0,0,1,1,0
71,train,defect,data/processed/images/0071_defect.png,POTENTIALLY_DEFECTIVE,0,0,0,0,0,1
72,train,clean,data/processed/images/0072_clean.png,ACCEPTABLE,0,0,0,0,0,0
72,train,blur,data/processed/images/0072_blur.png,DEGRADED,1,0,0,0,0,0
72,train,underexposure,data/processed/images/0072_underexposure.png,DEGRADED,0,1,0,0,0,0
72,train,overexposure,data/processed/images/0072_overexposure.png,DEGRADED,0,0,1,0,0,0
72,train,noise,data/processed/images/0072_noise.png,DEGRADED,0,0,0,1,0,0
72,train,severe,data/processed/images/0072_severe.png,DEGRADED,1,0,0,1,1,0
72,train,defect,data/processed/images/0072_defect.png,POTENTIALLY_DEFECTIVE,0,0,0,0,0,1
73,train,clean,data/processed/images/0073_clean.png,ACCEPTABLE,0,0,0,0,0,0
73,train,blur,data/processed/images/0073_blur.png,DEGRADED,1,0,0,0,0,0
73,train,underexposure,data/processed/images/0073_underexposure.png,DEGRADED,0,1,0,0,0,0
73,train,overexposure,data/processed/images/0073_overexposure.png,DEGRADED,0,0,1,0,0,0
73,train,noise,data/processed/images/0073_noise.png,DEGRADED,0,0,0,1,0,0
73,train,severe,data/processed/images/0073_severe.png,DEGRADED,1,0,0,1,1,0
73,train,defect,data/processed/images/0073_defect.png,POTENTIALLY_DEFECTIVE,0,0,0,0,0,1
74,test,clean,data/processed/images/0074_clean.png,ACCEPTABLE,0,0,0,0,0,0
74,test,blur,data/processed/images/0074_blur.png,DEGRADED,1,0,0,0,0,0
74,test,underexposure,data/processed/images/0074_underexposure.png,DEGRADED,0,1,0,0,0,0
74,test,overexposure,data/processed/images/0074_overexposure.png,DEGRADED,0,0,1,0,0,0
74,test,noise,data/processed/images/0074_noise.png,DEGRADED,0,0,0,1,0,0
74,test,severe,data/processed/images/0074_severe.png,DEGRADED,1,0,0,1,1,0
74,test,defect,data/processed/images/0074_defect.png,POTENTIALLY_DEFECTIVE,0,0,0,0,0,1
75,train,clean,data/processed/images/0075_clean.png,ACCEPTABLE,0,0,0,0,0,0
75,train,blur,data/processed/images/0075_blur.png,DEGRADED,1,0,0,0,0,0
75,train,underexposure,data/processed/images/0075_underexposure.png,DEGRADED,0,1,0,0,0,0
75,train,overexposure,data/processed/images/0075_overexposure.png,DEGRADED,0,0,1,0,0,0
75,train,noise,data/processed/images/0075_noise.png,DEGRADED,0,0,0,1,0,0
75,train,severe,data/processed/images/0075_severe.png,DEGRADED,1,0,0,1,1,0
75,train,defect,data/processed/images/0075_defect.png,POTENTIALLY_DEFECTIVE,0,0,0,0,0,1
76,train,clean,data/processed/images/0076_clean.png,ACCEPTABLE,0,0,0,0,0,0
76,train,blur,data/processed/images/0076_blur.png,DEGRADED,1,0,0,0,0,0
76,train,underexposure,data/processed/images/0076_underexposure.png,DEGRADED,0,1,0,0,0,0
76,train,overexposure,data/processed/images/0076_overexposure.png,DEGRADED,0,0,1,0,0,0
76,train,noise,data/processed/images/0076_noise.png,DEGRADED,0,0,0,1,0,0
76,train,severe,data/processed/images/0076_severe.png,DEGRADED,1,0,0,1,1,0
76,train,defect,data/processed/images/0076_defect.png,POTENTIALLY_DEFECTIVE,0,0,0,0,0,1
77,test,clean,data/processed/images/0077_clean.png,ACCEPTABLE,0,0,0,0,0,0
77,test,blur,data/processed/images/0077_blur.png,DEGRADED,1,0,0,0,0,0
77,test,underexposure,data/processed/images/0077_underexposure.png,DEGRADED,0,1,0,0,0,0
77,test,overexposure,data/processed/images/0077_overexposure.png,DEGRADED,0,0,1,0,0,0
77,test,noise,data/processed/images/0077_noise.png,DEGRADED,0,0,0,1,0,0
77,test,severe,data/processed/images/0077_severe.png,DEGRADED,1,0,0,1,1,0
77,test,defect,data/processed/images/0077_defect.png,POTENTIALLY_DEFECTIVE,0,0,0,0,0,1
78,train,clean,data/processed/images/0078_clean.png,ACCEPTABLE,0,0,0,0,0,0
78,train,blur,data/processed/images/0078_blur.png,DEGRADED,1,0,0,0,0,0
78,train,underexposure,data/processed/images/0078_underexposure.png,DEGRADED,0,1,0,0,0,0
78,train,overexposure,data/processed/images/0078_overexposure.png,DEGRADED,0,0,1,0,0,0
78,train,noise,data/processed/images/0078_noise.png,DEGRADED,0,0,0,1,0,0
78,train,severe,data/processed/images/0078_severe.png,DEGRADED,1,0,0,1,1,0
78,train,defect,data/processed/images/0078_defect.png,POTENTIALLY_DEFECTIVE,0,0,0,0,0,1
79,train,clean,data/processed/images/0079_clean.png,ACCEPTABLE,0,0,0,0,0,0
79,train,blur,data/processed/images/0079_blur.png,DEGRADED,1,0,0,0,0,0
79,train,underexposure,data/processed/images/0079_underexposure.png,DEGRADED,0,1,0,0,0,0
79,train,overexposure,data/processed/images/0079_overexposure.png,DEGRADED,0,0,1,0,0,0
79,train,noise,data/processed/images/0079_noise.png,DEGRADED,0,0,0,1,0,0
79,train,severe,data/processed/images/0079_severe.png,DEGRADED,1,0,0,1,1,0
79,train,defect,data/processed/images/0079_defect.png,POTENTIALLY_DEFECTIVE,0,0,0,0,0,1
80,train,clean,data/processed/images/0080_clean.png,ACCEPTABLE,0,0,0,0,0,0
80,train,blur,data/processed/images/0080_blur.png,DEGRADED,1,0,0,0,0,0
80,train,underexposure,data/processed/images/0080_underexposure.png,DEGRADED,0,1,0,0,0,0
80,train,overexposure,data/processed/images/0080_overexposure.png,DEGRADED,0,0,1,0,0,0
80,train,noise,data/processed/images/0080_noise.png,DEGRADED,0,0,0,1,0,0
80,train,severe,data/processed/images/0080_severe.png,DEGRADED,1,0,0,1,1,0
80,train,defect,data/processed/images/0080_defect.png,POTENTIALLY_DEFECTIVE,0,0,0,0,0,1
81,train,clean,data/processed/images/0081_clean.png,ACCEPTABLE,0,0,0,0,0,0
81,train,blur,data/processed/images/0081_blur.png,DEGRADED,1,0,0,0,0,0
81,train,underexposure,data/processed/images/0081_underexposure.png,DEGRADED,0,1,0,0,0,0
81,train,overexposure,data/processed/images/0081_overexposure.png,DEGRADED,0,0,1,0,0,0
81,train,noise,data/processed/images/0081_noise.png,DEGRADED,0,0,0,1,0,0
81,train,severe,data/processed/images/0081_severe.png,DEGRADED,1,0,0,1,1,0
81,train,defect,data/processed/images/0081_defect.png,POTENTIALLY_DEFECTIVE,0,0,0,0,0,1
82,train,clean,data/processed/images/0082_clean.png,ACCEPTABLE,0,0,0,0,0,0
82,train,blur,data/processed/images/0082_blur.png,DEGRADED,1,0,0,0,0,0
82,train,underexposure,data/processed/images/0082_underexposure.png,DEGRADED,0,1,0,0,0,0
82,train,overexposure,data/processed/images/0082_overexposure.png,DEGRADED,0,0,1,0,0,0
82,train,noise,data/processed/images/0082_noise.png,DEGRADED,0,0,0,1,0,0
82,train,severe,data/processed/images/0082_severe.png,DEGRADED,1,0,0,1,1,0
82,train,defect,data/processed/images/0082_defect.png,POTENTIALLY_DEFECTIVE,0,0,0,0,0,1
83,train,clean,data/processed/images/0083_clean.png,ACCEPTABLE,0,0,0,0,0,0
83,train,blur,data/processed/images/0083_blur.png,DEGRADED,1,0,0,0,0,0
83,train,underexposure,data/processed/images/0083_underexposure.png,DEGRADED,0,1,0,0,0,0
83,train,overexposure,data/processed/images/0083_overexposure.png,DEGRADED,0,0,1,0,0,0
83,train,noise,data/processed/images/0083_noise.png,DEGRADED,0,0,0,1,0,0
83,train,severe,data/processed/images/0083_severe.png,DEGRADED,1,0,0,1,1,0
83,train,defect,data/processed/images/0083_defect.png,POTENTIALLY_DEFECTIVE,0,0,0,0,0,1
84,train,clean,data/processed/images/0084_clean.png,ACCEPTABLE,0,0,0,0,0,0
84,train,blur,data/processed/images/0084_blur.png,DEGRADED,1,0,0,0,0,0
84,train,underexposure,data/processed/images/0084_underexposure.png,DEGRADED,0,1,0,0,0,0
84,train,overexposure,data/processed/images/0084_overexposure.png,DEGRADED,0,0,1,0,0,0
84,train,noise,data/processed/images/0084_noise.png,DEGRADED,0,0,0,1,0,0
84,train,severe,data/processed/images/0084_severe.png,DEGRADED,1,0,0,1,1,0
84,train,defect,data/processed/images/0084_defect.png,POTENTIALLY_DEFECTIVE,0,0,0,0,0,1
85,train,clean,data/processed/images/0085_clean.png,ACCEPTABLE,0,0,0,0,0,0
85,train,blur,data/processed/images/0085_blur.png,DEGRADED,1,0,0,0,0,0
85,train,underexposure,data/processed/images/0085_underexposure.png,DEGRADED,0,1,0,0,0,0
85,train,overexposure,data/processed/images/0085_overexposure.png,DEGRADED,0,0,1,0,0,0
85,train,noise,data/processed/images/0085_noise.png,DEGRADED,0,0,0,1,0,0
85,train,severe,data/processed/images/0085_severe.png,DEGRADED,1,0,0,1,1,0
85,train,defect,data/processed/images/0085_defect.png,POTENTIALLY_DEFECTIVE,0,0,0,0,0,1
86,train,clean,data/processed/images/0086_clean.png,ACCEPTABLE,0,0,0,0,0,0
86,train,blur,data/processed/images/0086_blur.png,DEGRADED,1,0,0,0,0,0
86,train,underexposure,data/processed/images/0086_underexposure.png,DEGRADED,0,1,0,0,0,0
86,train,overexposure,data/processed/images/0086_overexposure.png,DEGRADED,0,0,1,0,0,0
86,train,noise,data/processed/images/0086_noise.png,DEGRADED,0,0,0,1,0,0
86,train,severe,data/processed/images/0086_severe.png,DEGRADED,1,0,0,1,1,0
86,train,defect,data/processed/images/0086_defect.png,POTENTIALLY_DEFECTIVE,0,0,0,0,0,1
87,train,clean,data/processed/images/0087_clean.png,ACCEPTABLE,0,0,0,0,0,0
87,train,blur,data/processed/images/0087_blur.png,DEGRADED,1,0,0,0,0,0
87,train,underexposure,data/processed/images/0087_underexposure.png,DEGRADED,0,1,0,0,0,0
87,train,overexposure,data/processed/images/0087_overexposure.png,DEGRADED,0,0,1,0,0,0
87,train,noise,data/processed/images/0087_noise.png,DEGRADED,0,0,0,1,0,0
87,train,severe,data/processed/images/0087_severe.png,DEGRADED,1,0,0,1,1,0
87,train,defect,data/processed/images/0087_defect.png,POTENTIALLY_DEFECTIVE,0,0,0,0,0,1
88,train,clean,data/processed/images/0088_clean.png,ACCEPTABLE,0,0,0,0,0,0
88,train,blur,data/processed/images/0088_blur.png,DEGRADED,1,0,0,0,0,0
88,train,underexposure,data/processed/images/0088_underexposure.png,DEGRADED,0,1,0,0,0,0
88,train,overexposure,data/processed/images/0088_overexposure.png,DEGRADED,0,0,1,0,0,0
88,train,noise,data/processed/images/0088_noise.png,DEGRADED,0,0,0,1,0,0
88,train,severe,data/processed/images/0088_severe.png,DEGRADED,1,0,0,1,1,0
88,train,defect,data/processed/images/0088_defect.png,POTENTIALLY_DEFECTIVE,0,0,0,0,0,1
89,train,clean,data/processed/images/0089_clean.png,ACCEPTABLE,0,0,0,0,0,0
89,train,blur,data/processed/images/0089_blur.png,DEGRADED,1,0,0,0,0,0
89,train,underexposure,data/processed/images/0089_underexposure.png,DEGRADED,0,1,0,0,0,0
89,train,overexposure,data/processed/images/0089_overexposure.png,DEGRADED,0,0,1,0,0,0
89,train,noise,data/processed/images/0089_noise.png,DEGRADED,0,0,0,1,0,0
89,train,severe,data/processed/images/0089_severe.png,DEGRADED,1,0,0,1,1,0
89,train,defect,data/processed/images/0089_defect.png,POTENTIALLY_DEFECTIVE,0,0,0,0,0,1
90,train,clean,data/processed/images/0090_clean.png,ACCEPTABLE,0,0,0,0,0,0
90,train,blur,data/processed/images/0090_blur.png,DEGRADED,1,0,0,0,0,0
90,train,underexposure,data/processed/images/0090_underexposure.png,DEGRADED,0,1,0,0,0,0
90,train,overexposure,data/processed/images/0090_overexposure.png,DEGRADED,0,0,1,0,0,0
90,train,noise,data/processed/images/0090_noise.png,DEGRADED,0,0,0,1,0,0
90,train,severe,data/processed/images/0090_severe.png,DEGRADED,1,0,0,1,1,0
90,train,defect,data/processed/images/0090_defect.png,POTENTIALLY_DEFECTIVE,0,0,0,0,0,1
91,train,clean,data/processed/images/0091_clean.png,ACCEPTABLE,0,0,0,0,0,0
91,train,blur,data/processed/images/0091_blur.png,DEGRADED,1,0,0,0,0,0
91,train,underexposure,data/processed/images/0091_underexposure.png,DEGRADED,0,1,0,0,0,0
91,train,overexposure,data/processed/images/0091_overexposure.png,DEGRADED,0,0,1,0,0,0
91,train,noise,data/processed/images/0091_noise.png,DEGRADED,0,0,0,1,0,0
91,train,severe,data/processed/images/0091_severe.png,DEGRADED,1,0,0,1,1,0
91,train,defect,data/processed/images/0091_defect.png,POTENTIALLY_DEFECTIVE,0,0,0,0,0,1
92,train,clean,data/processed/images/0092_clean.png,ACCEPTABLE,0,0,0,0,0,0
92,train,blur,data/processed/images/0092_blur.png,DEGRADED,1,0,0,0,0,0
92,train,underexposure,data/processed/images/0092_underexposure.png,DEGRADED,0,1,0,0,0,0
92,train,overexposure,data/processed/images/0092_overexposure.png,DEGRADED,0,0,1,0,0,0
92,train,noise,data/processed/images/0092_noise.png,DEGRADED,0,0,0,1,0,0
92,train,severe,data/processed/images/0092_severe.png,DEGRADED,1,0,0,1,1,0
92,train,defect,data/processed/images/0092_defect.png,POTENTIALLY_DEFECTIVE,0,0,0,0,0,1
93,train,clean,data/processed/images/0093_clean.png,ACCEPTABLE,0,0,0,0,0,0
93,train,blur,data/processed/images/0093_blur.png,DEGRADED,1,0,0,0,0,0
93,train,underexposure,data/processed/images/0093_underexposure.png,DEGRADED,0,1,0,0,0,0
93,train,overexposure,data/processed/images/0093_overexposure.png,DEGRADED,0,0,1,0,0,0
93,train,noise,data/processed/images/0093_noise.png,DEGRADED,0,0,0,1,0,0
93,train,severe,data/processed/images/0093_severe.png,DEGRADED,1,0,0,1,1,0
93,train,defect,data/processed/images/0093_defect.png,POTENTIALLY_DEFECTIVE,0,0,0,0,0,1
94,train,clean,data/processed/images/0094_clean.png,ACCEPTABLE,0,0,0,0,0,0
94,train,blur,data/processed/images/0094_blur.png,DEGRADED,1,0,0,0,0,0
94,train,underexposure,data/processed/images/0094_underexposure.png,DEGRADED,0,1,0,0,0,0
94,train,overexposure,data/processed/images/0094_overexposure.png,DEGRADED,0,0,1,0,0,0
94,train,noise,data/processed/images/0094_noise.png,DEGRADED,0,0,0,1,0,0
94,train,severe,data/processed/images/0094_severe.png,DEGRADED,1,0,0,1,1,0
94,train,defect,data/processed/images/0094_defect.png,POTENTIALLY_DEFECTIVE,0,0,0,0,0,1
95,train,clean,data/processed/images/0095_clean.png,ACCEPTABLE,0,0,0,0,0,0
95,train,blur,data/processed/images/0095_blur.png,DEGRADED,1,0,0,0,0,0
95,train,underexposure,data/processed/images/0095_underexposure.png,DEGRADED,0,1,0,0,0,0
95,train,overexposure,data/processed/images/0095_overexposure.png,DEGRADED,0,0,1,0,0,0
95,train,noise,data/processed/images/0095_noise.png,DEGRADED,0,0,0,1,0,0
95,train,severe,data/processed/images/0095_severe.png,DEGRADED,1,0,0,1,1,0
95,train,defect,data/processed/images/0095_defect.png,POTENTIALLY_DEFECTIVE,0,0,0,0,0,1
96,train,clean,data/processed/images/0096_clean.png,ACCEPTABLE,0,0,0,0,0,0
96,train,blur,data/processed/images/0096_blur.png,DEGRADED,1,0,0,0,0,0
96,train,underexposure,data/processed/images/0096_underexposure.png,DEGRADED,0,1,0,0,0,0
96,train,overexposure,data/processed/images/0096_overexposure.png,DEGRADED,0,0,1,0,0,0
96,train,noise,data/processed/images/0096_noise.png,DEGRADED,0,0,0,1,0,0
96,train,severe,data/processed/images/0096_severe.png,DEGRADED,1,0,0,1,1,0
96,train,defect,data/processed/images/0096_defect.png,POTENTIALLY_DEFECTIVE,0,0,0,0,0,1
97,test,clean,data/processed/images/0097_clean.png,ACCEPTABLE,0,0,0,0,0,0
97,test,blur,data/processed/images/0097_blur.png,DEGRADED,1,0,0,0,0,0
97,test,underexposure,data/processed/images/0097_underexposure.png,DEGRADED,0,1,0,0,0,0
97,test,overexposure,data/processed/images/0097_overexposure.png,DEGRADED,0,0,1,0,0,0
97,test,noise,data/processed/images/0097_noise.png,DEGRADED,0,0,0,1,0,0
97,test,severe,data/processed/images/0097_severe.png,DEGRADED,1,0,0,1,1,0
97,test,defect,data/processed/images/0097_defect.png,POTENTIALLY_DEFECTIVE,0,0,0,0,0,1
98,train,clean,data/processed/images/0098_clean.png,ACCEPTABLE,0,0,0,0,0,0
98,train,blur,data/processed/images/0098_blur.png,DEGRADED,1,0,0,0,0,0
98,train,underexposure,data/processed/images/0098_underexposure.png,DEGRADED,0,1,0,0,0,0
98,train,overexposure,data/processed/images/0098_overexposure.png,DEGRADED,0,0,1,0,0,0
98,train,noise,data/processed/images/0098_noise.png,DEGRADED,0,0,0,1,0,0
98,train,severe,data/processed/images/0098_severe.png,DEGRADED,1,0,0,1,1,0
98,train,defect,data/processed/images/0098_defect.png,POTENTIALLY_DEFECTIVE,0,0,0,0,0,1
99,val,clean,data/processed/images/0099_clean.png,ACCEPTABLE,0,0,0,0,0,0
99,val,blur,data/processed/images/0099_blur.png,DEGRADED,1,0,0,0,0,0
99,val,underexposure,data/processed/images/0099_underexposure.png,DEGRADED,0,1,0,0,0,0
99,val,overexposure,data/processed/images/0099_overexposure.png,DEGRADED,0,0,1,0,0,0
99,val,noise,data/processed/images/0099_noise.png,DEGRADED,0,0,0,1,0,0
99,val,severe,data/processed/images/0099_severe.png,DEGRADED,1,0,0,1,1,0
99,val,defect,data/processed/images/0099_defect.png,POTENTIALLY_DEFECTIVE,0,0,0,0,0,1
100,val,clean,data/processed/images/0100_clean.png,ACCEPTABLE,0,0,0,0,0,0
100,val,blur,data/processed/images/0100_blur.png,DEGRADED,1,0,0,0,0,0
100,val,underexposure,data/processed/images/0100_underexposure.png,DEGRADED,0,1,0,0,0,0
100,val,overexposure,data/processed/images/0100_overexposure.png,DEGRADED,0,0,1,0,0,0
100,val,noise,data/processed/images/0100_noise.png,DEGRADED,0,0,0,1,0,0
100,val,severe,data/processed/images/0100_severe.png,DEGRADED,1,0,0,1,1,0
100,val,defect,data/processed/images/0100_defect.png,POTENTIALLY_DEFECTIVE,0,0,0,0,0,1
101,train,clean,data/processed/images/0101_clean.png,ACCEPTABLE,0,0,0,0,0,0
101,train,blur,data/processed/images/0101_blur.png,DEGRADED,1,0,0,0,0,0
101,train,underexposure,data/processed/images/0101_underexposure.png,DEGRADED,0,1,0,0,0,0
101,train,overexposure,data/processed/images/0101_overexposure.png,DEGRADED,0,0,1,0,0,0
101,train,noise,data/processed/images/0101_noise.png,DEGRADED,0,0,0,1,0,0
101,train,severe,data/processed/images/0101_severe.png,DEGRADED,1,0,0,1,1,0
101,train,defect,data/processed/images/0101_defect.png,POTENTIALLY_DEFECTIVE,0,0,0,0,0,1
102,test,clean,data/processed/images/0102_clean.png,ACCEPTABLE,0,0,0,0,0,0
102,test,blur,data/processed/images/0102_blur.png,DEGRADED,1,0,0,0,0,0
102,test,underexposure,data/processed/images/0102_underexposure.png,DEGRADED,0,1,0,0,0,0
102,test,overexposure,data/processed/images/0102_overexposure.png,DEGRADED,0,0,1,0,0,0
102,test,noise,data/processed/images/0102_noise.png,DEGRADED,0,0,0,1,0,0
102,test,severe,data/processed/images/0102_severe.png,DEGRADED,1,0,0,1,1,0
102,test,defect,data/processed/images/0102_defect.png,POTENTIALLY_DEFECTIVE,0,0,0,0,0,1
103,train,clean,data/processed/images/0103_clean.png,ACCEPTABLE,0,0,0,0,0,0
103,train,blur,data/processed/images/0103_blur.png,DEGRADED,1,0,0,0,0,0
103,train,underexposure,data/processed/images/0103_underexposure.png,DEGRADED,0,1,0,0,0,0
103,train,overexposure,data/processed/images/0103_overexposure.png,DEGRADED,0,0,1,0,0,0
103,train,noise,data/processed/images/0103_noise.png,DEGRADED,0,0,0,1,0,0
103,train,severe,data/processed/images/0103_severe.png,DEGRADED,1,0,0,1,1,0
103,train,defect,data/processed/images/0103_defect.png,POTENTIALLY_DEFECTIVE,0,0,0,0,0,1
104,train,clean,data/processed/images/0104_clean.png,ACCEPTABLE,0,0,0,0,0,0
104,train,blur,data/processed/images/0104_blur.png,DEGRADED,1,0,0,0,0,0
104,train,underexposure,data/processed/images/0104_underexposure.png,DEGRADED,0,1,0,0,0,0
104,train,overexposure,data/processed/images/0104_overexposure.png,DEGRADED,0,0,1,0,0,0
104,train,noise,data/processed/images/0104_noise.png,DEGRADED,0,0,0,1,0,0
104,train,severe,data/processed/images/0104_severe.png,DEGRADED,1,0,0,1,1,0
104,train,defect,data/processed/images/0104_defect.png,POTENTIALLY_DEFECTIVE,0,0,0,0,0,1
105,train,clean,data/processed/images/0105_clean.png,ACCEPTABLE,0,0,0,0,0,0
105,train,blur,data/processed/images/0105_blur.png,DEGRADED,1,0,0,0,0,0
105,train,underexposure,data/processed/images/0105_underexposure.png,DEGRADED,0,1,0,0,0,0
105,train,overexposure,data/processed/images/0105_overexposure.png,DEGRADED,0,0,1,0,0,0
105,train,noise,data/processed/images/0105_noise.png,DEGRADED,0,0,0,1,0,0
105,train,severe,data/processed/images/0105_severe.png,DEGRADED,1,0,0,1,1,0
105,train,defect,data/processed/images/0105_defect.png,POTENTIALLY_DEFECTIVE,0,0,0,0,0,1
106,train,clean,data/processed/images/0106_clean.png,ACCEPTABLE,0,0,0,0,0,0
106,train,blur,data/processed/images/0106_blur.png,DEGRADED,1,0,0,0,0,0
106,train,underexposure,data/processed/images/0106_underexposure.png,DEGRADED,0,1,0,0,0,0
106,train,overexposure,data/processed/images/0106_overexposure.png,DEGRADED,0,0,1,0,0,0
106,train,noise,data/processed/images/0106_noise.png,DEGRADED,0,0,0,1,0,0
106,train,severe,data/processed/images/0106_severe.png,DEGRADED,1,0,0,1,1,0
106,train,defect,data/processed/images/0106_defect.png,POTENTIALLY_DEFECTIVE,0,0,0,0,0,1
107,train,clean,data/processed/images/0107_clean.png,ACCEPTABLE,0,0,0,0,0,0
107,train,blur,data/processed/images/0107_blur.png,DEGRADED,1,0,0,0,0,0
107,train,underexposure,data/processed/images/0107_underexposure.png,DEGRADED,0,1,0,0,0,0
107,train,overexposure,data/processed/images/0107_overexposure.png,DEGRADED,0,0,1,0,0,0
107,train,noise,data/processed/images/0107_noise.png,DEGRADED,0,0,0,1,0,0
107,train,severe,data/processed/images/0107_severe.png,DEGRADED,1,0,0,1,1,0
107,train,defect,data/processed/images/0107_defect.png,POTENTIALLY_DEFECTIVE,0,0,0,0,0,1
108,train,clean,data/processed/images/0108_clean.png,ACCEPTABLE,0,0,0,0,0,0
108,train,blur,data/processed/images/0108_blur.png,DEGRADED,1,0,0,0,0,0
108,train,underexposure,data/processed/images/0108_underexposure.png,DEGRADED,0,1,0,0,0,0
108,train,overexposure,data/processed/images/0108_overexposure.png,DEGRADED,0,0,1,0,0,0
108,train,noise,data/processed/images/0108_noise.png,DEGRADED,0,0,0,1,0,0
108,train,severe,data/processed/images/0108_severe.png,DEGRADED,1,0,0,1,1,0
108,train,defect,data/processed/images/0108_defect.png,POTENTIALLY_DEFECTIVE,0,0,0,0,0,1
109,train,clean,data/processed/images/0109_clean.png,ACCEPTABLE,0,0,0,0,0,0
109,train,blur,data/processed/images/0109_blur.png,DEGRADED,1,0,0,0,0,0
109,train,underexposure,data/processed/images/0109_underexposure.png,DEGRADED,0,1,0,0,0,0
109,train,overexposure,data/processed/images/0109_overexposure.png,DEGRADED,0,0,1,0,0,0
109,train,noise,data/processed/images/0109_noise.png,DEGRADED,0,0,0,1,0,0
109,train,severe,data/processed/images/0109_severe.png,DEGRADED,1,0,0,1,1,0
109,train,defect,data/processed/images/0109_defect.png,POTENTIALLY_DEFECTIVE,0,0,0,0,0,1
110,test,clean,data/processed/images/0110_clean.png,ACCEPTABLE,0,0,0,0,0,0
110,test,blur,data/processed/images/0110_blur.png,DEGRADED,1,0,0,0,0,0
110,test,underexposure,data/processed/images/0110_underexposure.png,DEGRADED,0,1,0,0,0,0
110,test,overexposure,data/processed/images/0110_overexposure.png,DEGRADED,0,0,1,0,0,0
110,test,noise,data/processed/images/0110_noise.png,DEGRADED,0,0,0,1,0,0
110,test,severe,data/processed/images/0110_severe.png,DEGRADED,1,0,0,1,1,0
110,test,defect,data/processed/images/0110_defect.png,POTENTIALLY_DEFECTIVE,0,0,0,0,0,1
111,train,clean,data/processed/images/0111_clean.png,ACCEPTABLE,0,0,0,0,0,0
111,train,blur,data/processed/images/0111_blur.png,DEGRADED,1,0,0,0,0,0
111,train,underexposure,data/processed/images/0111_underexposure.png,DEGRADED,0,1,0,0,0,0
111,train,overexposure,data/processed/images/0111_overexposure.png,DEGRADED,0,0,1,0,0,0
111,train,noise,data/processed/images/0111_noise.png,DEGRADED,0,0,0,1,0,0
111,train,severe,data/processed/images/0111_severe.png,DEGRADED,1,0,0,1,1,0
111,train,defect,data/processed/images/0111_defect.png,POTENTIALLY_DEFECTIVE,0,0,0,0,0,1
112,val,clean,data/processed/images/0112_clean.png,ACCEPTABLE,0,0,0,0,0,0
112,val,blur,data/processed/images/0112_blur.png,DEGRADED,1,0,0,0,0,0
112,val,underexposure,data/processed/images/0112_underexposure.png,DEGRADED,0,1,0,0,0,0
112,val,overexposure,data/processed/images/0112_overexposure.png,DEGRADED,0,0,1,0,0,0
112,val,noise,data/processed/images/0112_noise.png,DEGRADED,0,0,0,1,0,0
112,val,severe,data/processed/images/0112_severe.png,DEGRADED,1,0,0,1,1,0
112,val,defect,data/processed/images/0112_defect.png,POTENTIALLY_DEFECTIVE,0,0,0,0,0,1
113,test,clean,data/processed/images/0113_clean.png,ACCEPTABLE,0,0,0,0,0,0
113,test,blur,data/processed/images/0113_blur.png,DEGRADED,1,0,0,0,0,0
113,test,underexposure,data/processed/images/0113_underexposure.png,DEGRADED,0,1,0,0,0,0
113,test,overexposure,data/processed/images/0113_overexposure.png,DEGRADED,0,0,1,0,0,0
113,test,noise,data/processed/images/0113_noise.png,DEGRADED,0,0,0,1,0,0
113,test,severe,data/processed/images/0113_severe.png,DEGRADED,1,0,0,1,1,0
113,test,defect,data/processed/images/0113_defect.png,POTENTIALLY_DEFECTIVE,0,0,0,0,0,1
114,train,clean,data/processed/images/0114_clean.png,ACCEPTABLE,0,0,0,0,0,0
114,train,blur,data/processed/images/0114_blur.png,DEGRADED,1,0,0,0,0,0
114,train,underexposure,data/processed/images/0114_underexposure.png,DEGRADED,0,1,0,0,0,0
114,train,overexposure,data/processed/images/0114_overexposure.png,DEGRADED,0,0,1,0,0,0
114,train,noise,data/processed/images/0114_noise.png,DEGRADED,0,0,0,1,0,0
114,train,severe,data/processed/images/0114_severe.png,DEGRADED,1,0,0,1,1,0
114,train,defect,data/processed/images/0114_defect.png,POTENTIALLY_DEFECTIVE,0,0,0,0,0,1
115,val,clean,data/processed/images/0115_clean.png,ACCEPTABLE,0,0,0,0,0,0
115,val,blur,data/processed/images/0115_blur.png,DEGRADED,1,0,0,0,0,0
115,val,underexposure,data/processed/images/0115_underexposure.png,DEGRADED,0,1,0,0,0,0
115,val,overexposure,data/processed/images/0115_overexposure.png,DEGRADED,0,0,1,0,0,0
115,val,noise,data/processed/images/0115_noise.png,DEGRADED,0,0,0,1,0,0
115,val,severe,data/processed/images/0115_severe.png,DEGRADED,1,0,0,1,1,0
115,val,defect,data/processed/images/0115_defect.png,POTENTIALLY_DEFECTIVE,0,0,0,0,0,1
116,train,clean,data/processed/images/0116_clean.png,ACCEPTABLE,0,0,0,0,0,0
116,train,blur,data/processed/images/0116_blur.png,DEGRADED,1,0,0,0,0,0
116,train,underexposure,data/processed/images/0116_underexposure.png,DEGRADED,0,1,0,0,0,0
116,train,overexposure,data/processed/images/0116_overexposure.png,DEGRADED,0,0,1,0,0,0
116,train,noise,data/processed/images/0116_noise.png,DEGRADED,0,0,0,1,0,0
116,train,severe,data/processed/images/0116_severe.png,DEGRADED,1,0,0,1,1,0
116,train,defect,data/processed/images/0116_defect.png,POTENTIALLY_DEFECTIVE,0,0,0,0,0,1
117,train,clean,data/processed/images/0117_clean.png,ACCEPTABLE,0,0,0,0,0,0
117,train,blur,data/processed/images/0117_blur.png,DEGRADED,1,0,0,0,0,0
117,train,underexposure,data/processed/images/0117_underexposure.png,DEGRADED,0,1,0,0,0,0
117,train,overexposure,data/processed/images/0117_overexposure.png,DEGRADED,0,0,1,0,0,0
117,train,noise,data/processed/images/0117_noise.png,DEGRADED,0,0,0,1,0,0
117,train,severe,data/processed/images/0117_severe.png,DEGRADED,1,0,0,1,1,0
117,train,defect,data/processed/images/0117_defect.png,POTENTIALLY_DEFECTIVE,0,0,0,0,0,1
118,train,clean,data/processed/images/0118_clean.png,ACCEPTABLE,0,0,0,0,0,0
118,train,blur,data/processed/images/0118_blur.png,DEGRADED,1,0,0,0,0,0
118,train,underexposure,data/processed/images/0118_underexposure.png,DEGRADED,0,1,0,0,0,0
118,train,overexposure,data/processed/images/0118_overexposure.png,DEGRADED,0,0,1,0,0,0
118,train,noise,data/processed/images/0118_noise.png,DEGRADED,0,0,0,1,0,0
118,train,severe,data/processed/images/0118_severe.png,DEGRADED,1,0,0,1,1,0
118,train,defect,data/processed/images/0118_defect.png,POTENTIALLY_DEFECTIVE,0,0,0,0,0,1
119,train,clean,data/processed/images/0119_clean.png,ACCEPTABLE,0,0,0,0,0,0
119,train,blur,data/processed/images/0119_blur.png,DEGRADED,1,0,0,0,0,0
119,train,underexposure,data/processed/images/0119_underexposure.png,DEGRADED,0,1,0,0,0,0
119,train,overexposure,data/processed/images/0119_overexposure.png,DEGRADED,0,0,1,0,0,0
119,train,noise,data/processed/images/0119_noise.png,DEGRADED,0,0,0,1,0,0
119,train,severe,data/processed/images/0119_severe.png,DEGRADED,1,0,0,1,1,0
119,train,defect,data/processed/images/0119_defect.png,POTENTIALLY_DEFECTIVE,0,0,0,0,0,1
120,train,clean,data/processed/images/0120_clean.png,ACCEPTABLE,0,0,0,0,0,0
120,train,blur,data/processed/images/0120_blur.png,DEGRADED,1,0,0,0,0,0
120,train,underexposure,data/processed/images/0120_underexposure.png,DEGRADED,0,1,0,0,0,0
120,train,overexposure,data/processed/images/0120_overexposure.png,DEGRADED,0,0,1,0,0,0
120,train,noise,data/processed/images/0120_noise.png,DEGRADED,0,0,0,1,0,0
120,train,severe,data/processed/images/0120_severe.png,DEGRADED,1,0,0,1,1,0
120,train,defect,data/processed/images/0120_defect.png,POTENTIALLY_DEFECTIVE,0,0,0,0,0,1
121,train,clean,data/processed/images/0121_clean.png,ACCEPTABLE,0,0,0,0,0,0
121,train,blur,data/processed/images/0121_blur.png,DEGRADED,1,0,0,0,0,0
121,train,underexposure,data/processed/images/0121_underexposure.png,DEGRADED,0,1,0,0,0,0
121,train,overexposure,data/processed/images/0121_overexposure.png,DEGRADED,0,0,1,0,0,0
121,train,noise,data/processed/images/0121_noise.png,DEGRADED,0,0,0,1,0,0
121,train,severe,data/processed/images/0121_severe.png,DEGRADED,1,0,0,1,1,0
121,train,defect,data/processed/images/0121_defect.png,POTENTIALLY_DEFECTIVE,0,0,0,0,0,1
122,train,clean,data/processed/images/0122_clean.png,ACCEPTABLE,0,0,0,0,0,0
122,train,blur,data/processed/images/0122_blur.png,DEGRADED,1,0,0,0,0,0
122,train,underexposure,data/processed/images/0122_underexposure.png,DEGRADED,0,1,0,0,0,0
122,train,overexposure,data/processed/images/0122_overexposure.png,DEGRADED,0,0,1,0,0,0
122,train,noise,data/processed/images/0122_noise.png,DEGRADED,0,0,0,1,0,0
122,train,severe,data/processed/images/0122_severe.png,DEGRADED,1,0,0,1,1,0
122,train,defect,data/processed/images/0122_defect.png,POTENTIALLY_DEFECTIVE,0,0,0,0,0,1
123,train,clean,data/processed/images/0123_clean.png,ACCEPTABLE,0,0,0,0,0,0
123,train,blur,data/processed/images/0123_blur.png,DEGRADED,1,0,0,0,0,0
123,train,underexposure,data/processed/images/0123_underexposure.png,DEGRADED,0,1,0,0,0,0
123,train,overexposure,data/processed/images/0123_overexposure.png,DEGRADED,0,0,1,0,0,0
123,train,noise,data/processed/images/0123_noise.png,DEGRADED,0,0,0,1,0,0
123,train,severe,data/processed/images/0123_severe.png,DEGRADED,1,0,0,1,1,0
123,train,defect,data/processed/images/0123_defect.png,POTENTIALLY_DEFECTIVE,0,0,0,0,0,1
124,train,clean,data/processed/images/0124_clean.png,ACCEPTABLE,0,0,0,0,0,0
124,train,blur,data/processed/images/0124_blur.png,DEGRADED,1,0,0,0,0,0
124,train,underexposure,data/processed/images/0124_underexposure.png,DEGRADED,0,1,0,0,0,0
124,train,overexposure,data/processed/images/0124_overexposure.png,DEGRADED,0,0,1,0,0,0
124,train,noise,data/processed/images/0124_noise.png,DEGRADED,0,0,0,1,0,0
124,train,severe,data/processed/images/0124_severe.png,DEGRADED,1,0,0,1,1,0
124,train,defect,data/processed/images/0124_defect.png,POTENTIALLY_DEFECTIVE,0,0,0,0,0,1
125,train,clean,data/processed/images/0125_clean.png,ACCEPTABLE,0,0,0,0,0,0
125,train,blur,data/processed/images/0125_blur.png,DEGRADED,1,0,0,0,0,0
125,train,underexposure,data/processed/images/0125_underexposure.png,DEGRADED,0,1,0,0,0,0
125,train,overexposure,data/processed/images/0125_overexposure.png,DEGRADED,0,0,1,0,0,0
125,train,noise,data/processed/images/0125_noise.png,DEGRADED,0,0,0,1,0,0
125,train,severe,data/processed/images/0125_severe.png,DEGRADED,1,0,0,1,1,0
125,train,defect,data/processed/images/0125_defect.png,POTENTIALLY_DEFECTIVE,0,0,0,0,0,1
126,val,clean,data/processed/images/0126_clean.png,ACCEPTABLE,0,0,0,0,0,0
126,val,blur,data/processed/images/0126_blur.png,DEGRADED,1,0,0,0,0,0
126,val,underexposure,data/processed/images/0126_underexposure.png,DEGRADED,0,1,0,0,0,0
126,val,overexposure,data/processed/images/0126_overexposure.png,DEGRADED,0,0,1,0,0,0
126,val,noise,data/processed/images/0126_noise.png,DEGRADED,0,0,0,1,0,0
126,val,severe,data/processed/images/0126_severe.png,DEGRADED,1,0,0,1,1,0
126,val,defect,data/processed/images/0126_defect.png,POTENTIALLY_DEFECTIVE,0,0,0,0,0,1
127,train,clean,data/processed/images/0127_clean.png,ACCEPTABLE,0,0,0,0,0,0
127,train,blur,data/processed/images/0127_blur.png,DEGRADED,1,0,0,0,0,0
127,train,underexposure,data/processed/images/0127_underexposure.png,DEGRADED,0,1,0,0,0,0
127,train,overexposure,data/processed/images/0127_overexposure.png,DEGRADED,0,0,1,0,0,0
127,train,noise,data/processed/images/0127_noise.png,DEGRADED,0,0,0,1,0,0
127,train,severe,data/processed/images/0127_severe.png,DEGRADED,1,0,0,1,1,0
127,train,defect,data/processed/images/0127_defect.png,POTENTIALLY_DEFECTIVE,0,0,0,0,0,1
128,train,clean,data/processed/images/0128_clean.png,ACCEPTABLE,0,0,0,0,0,0
128,train,blur,data/processed/images/0128_blur.png,DEGRADED,1,0,0,0,0,0
128,train,underexposure,data/processed/images/0128_underexposure.png,DEGRADED,0,1,0,0,0,0
128,train,overexposure,data/processed/images/0128_overexposure.png,DEGRADED,0,0,1,0,0,0
128,train,noise,data/processed/images/0128_noise.png,DEGRADED,0,0,0,1,0,0
128,train,severe,data/processed/images/0128_severe.png,DEGRADED,1,0,0,1,1,0
128,train,defect,data/processed/images/0128_defect.png,POTENTIALLY_DEFECTIVE,0,0,0,0,0,1
129,test,clean,data/processed/images/0129_clean.png,ACCEPTABLE,0,0,0,0,0,0
129,test,blur,data/processed/images/0129_blur.png,DEGRADED,1,0,0,0,0,0
129,test,underexposure,data/processed/images/0129_underexposure.png,DEGRADED,0,1,0,0,0,0
129,test,overexposure,data/processed/images/0129_overexposure.png,DEGRADED,0,0,1,0,0,0
129,test,noise,data/processed/images/0129_noise.png,DEGRADED,0,0,0,1,0,0
129,test,severe,data/processed/images/0129_severe.png,DEGRADED,1,0,0,1,1,0
129,test,defect,data/processed/images/0129_defect.png,POTENTIALLY_DEFECTIVE,0,0,0,0,0,1
130,val,clean,data/processed/images/0130_clean.png,ACCEPTABLE,0,0,0,0,0,0
130,val,blur,data/processed/images/0130_blur.png,DEGRADED,1,0,0,0,0,0
130,val,underexposure,data/processed/images/0130_underexposure.png,DEGRADED,0,1,0,0,0,0
130,val,overexposure,data/processed/images/0130_overexposure.png,DEGRADED,0,0,1,0,0,0
130,val,noise,data/processed/images/0130_noise.png,DEGRADED,0,0,0,1,0,0
130,val,severe,data/processed/images/0130_severe.png,DEGRADED,1,0,0,1,1,0
130,val,defect,data/processed/images/0130_defect.png,POTENTIALLY_DEFECTIVE,0,0,0,0,0,1
131,train,clean,data/processed/images/0131_clean.png,ACCEPTABLE,0,0,0,0,0,0
131,train,blur,data/processed/images/0131_blur.png,DEGRADED,1,0,0,0,0,0
131,train,underexposure,data/processed/images/0131_underexposure.png,DEGRADED,0,1,0,0,0,0
131,train,overexposure,data/processed/images/0131_overexposure.png,DEGRADED,0,0,1,0,0,0
131,train,noise,data/processed/images/0131_noise.png,DEGRADED,0,0,0,1,0,0
131,train,severe,data/processed/images/0131_severe.png,DEGRADED,1,0,0,1,1,0
131,train,defect,data/processed/images/0131_defect.png,POTENTIALLY_DEFECTIVE,0,0,0,0,0,1
132,train,clean,data/processed/images/0132_clean.png,ACCEPTABLE,0,0,0,0,0,0
132,train,blur,data/processed/images/0132_blur.png,DEGRADED,1,0,0,0,0,0
132,train,underexposure,data/processed/images/0132_underexposure.png,DEGRADED,0,1,0,0,0,0
132,train,overexposure,data/processed/images/0132_overexposure.png,DEGRADED,0,0,1,0,0,0
132,train,noise,data/processed/images/0132_noise.png,DEGRADED,0,0,0,1,0,0
132,train,severe,data/processed/images/0132_severe.png,DEGRADED,1,0,0,1,1,0
132,train,defect,data/processed/images/0132_defect.png,POTENTIALLY_DEFECTIVE,0,0,0,0,0,1
133,train,clean,data/processed/images/0133_clean.png,ACCEPTABLE,0,0,0,0,0,0
133,train,blur,data/processed/images/0133_blur.png,DEGRADED,1,0,0,0,0,0
133,train,underexposure,data/processed/images/0133_underexposure.png,DEGRADED,0,1,0,0,0,0
133,train,overexposure,data/processed/images/0133_overexposure.png,DEGRADED,0,0,1,0,0,0
133,train,noise,data/processed/images/0133_noise.png,DEGRADED,0,0,0,1,0,0
133,train,severe,data/processed/images/0133_severe.png,DEGRADED,1,0,0,1,1,0
133,train,defect,data/processed/images/0133_defect.png,POTENTIALLY_DEFECTIVE,0,0,0,0,0,1
134,test,clean,data/processed/images/0134_clean.png,ACCEPTABLE,0,0,0,0,0,0
134,test,blur,data/processed/images/0134_blur.png,DEGRADED,1,0,0,0,0,0
134,test,underexposure,data/processed/images/0134_underexposure.png,DEGRADED,0,1,0,0,0,0
134,test,overexposure,data/processed/images/0134_overexposure.png,DEGRADED,0,0,1,0,0,0
134,test,noise,data/processed/images/0134_noise.png,DEGRADED,0,0,0,1,0,0
134,test,severe,data/processed/images/0134_severe.png,DEGRADED,1,0,0,1,1,0
134,test,defect,data/processed/images/0134_defect.png,POTENTIALLY_DEFECTIVE,0,0,0,0,0,1
135,train,clean,data/processed/images/0135_clean.png,ACCEPTABLE,0,0,0,0,0,0
135,train,blur,data/processed/images/0135_blur.png,DEGRADED,1,0,0,0,0,0
135,train,underexposure,data/processed/images/0135_underexposure.png,DEGRADED,0,1,0,0,0,0
135,train,overexposure,data/processed/images/0135_overexposure.png,DEGRADED,0,0,1,0,0,0
135,train,noise,data/processed/images/0135_noise.png,DEGRADED,0,0,0,1,0,0
135,train,severe,data/processed/images/0135_severe.png,DEGRADED,1,0,0,1,1,0
135,train,defect,data/processed/images/0135_defect.png,POTENTIALLY_DEFECTIVE,0,0,0,0,0,1
136,test,clean,data/processed/images/0136_clean.png,ACCEPTABLE,0,0,0,0,0,0
136,test,blur,data/processed/images/0136_blur.png,DEGRADED,1,0,0,0,0,0
136,test,underexposure,data/processed/images/0136_underexposure.png,DEGRADED,0,1,0,0,0,0
136,test,overexposure,data/processed/images/0136_overexposure.png,DEGRADED,0,0,1,0,0,0
136,test,noise,data/processed/images/0136_noise.png,DEGRADED,0,0,0,1,0,0
136,test,severe,data/processed/images/0136_severe.png,DEGRADED,1,0,0,1,1,0
136,test,defect,data/processed/images/0136_defect.png,POTENTIALLY_DEFECTIVE,0,0,0,0,0,1
137,val,clean,data/processed/images/0137_clean.png,ACCEPTABLE,0,0,0,0,0,0
137,val,blur,data/processed/images/0137_blur.png,DEGRADED,1,0,0,0,0,0
137,val,underexposure,data/processed/images/0137_underexposure.png,DEGRADED,0,1,0,0,0,0
137,val,overexposure,data/processed/images/0137_overexposure.png,DEGRADED,0,0,1,0,0,0
137,val,noise,data/processed/images/0137_noise.png,DEGRADED,0,0,0,1,0,0
137,val,severe,data/processed/images/0137_severe.png,DEGRADED,1,0,0,1,1,0
137,val,defect,data/processed/images/0137_defect.png,POTENTIALLY_DEFECTIVE,0,0,0,0,0,1
138,train,clean,data/processed/images/0138_clean.png,ACCEPTABLE,0,0,0,0,0,0
138,train,blur,data/processed/images/0138_blur.png,DEGRADED,1,0,0,0,0,0
138,train,underexposure,data/processed/images/0138_underexposure.png,DEGRADED,0,1,0,0,0,0
138,train,overexposure,data/processed/images/0138_overexposure.png,DEGRADED,0,0,1,0,0,0
138,train,noise,data/processed/images/0138_noise.png,DEGRADED,0,0,0,1,0,0
138,train,severe,data/processed/images/0138_severe.png,DEGRADED,1,0,0,1,1,0
138,train,defect,data/processed/images/0138_defect.png,POTENTIALLY_DEFECTIVE,0,0,0,0,0,1
139,train,clean,data/processed/images/0139_clean.png,ACCEPTABLE,0,0,0,0,0,0
139,train,blur,data/processed/images/0139_blur.png,DEGRADED,1,0,0,0,0,0
139,train,underexposure,data/processed/images/0139_underexposure.png,DEGRADED,0,1,0,0,0,0
139,train,overexposure,data/processed/images/0139_overexposure.png,DEGRADED,0,0,1,0,0,0
139,train,noise,data/processed/images/0139_noise.png,DEGRADED,0,0,0,1,0,0
139,train,severe,data/processed/images/0139_severe.png,DEGRADED,1,0,0,1,1,0
139,train,defect,data/processed/images/0139_defect.png,POTENTIALLY_DEFECTIVE,0,0,0,0,0,1
